そのページの作家	handle	欄	本文中の人名	本人ページの公式表記	言語	判定	本文での表記
今村 紫紅	imamura-shiko	bio	小茂田青樹	Omoda Seiju	en	③長音/アポストロフィ違い	~Omoda Seiju
今村 紫紅	imamura-shiko	bio	小茂田青樹	Omoda Seiju	fr	③長音/アポストロフィ違い	~Omoda Seiju
今村 紫紅	imamura-shiko	bio	小茂田青樹	Omoda Seiju	es	③長音/アポストロフィ違い	~Omoda Seiju
今村 紫紅	imamura-shiko	bio	小茂田青樹	Omoda Seiju	de	③長音/アポストロフィ違い	~Omoda Seiju
金山 明	akira-kanayama	bio	田中敦子	Tanaka Atsuko	en	②語順が逆	Atsuko Tanaka
金山 明	akira-kanayama	bio	田中敦子	Tanaka Atsuko	fr	②語順が逆	Atsuko Tanaka
金山 明	akira-kanayama	bio	田中敦子	Tanaka Atsuko	es	②語順が逆	Atsuko Tanaka
金山 明	akira-kanayama	bio	田中敦子	Tanaka Atsuko	de	②語順が逆	Atsuko Tanaka
吉田 稔郎	yoshida-toshio	bio	吉原治良	Yoshihara Jirō	en	④語順逆＋長音/アポストロフィ違い	~Jirō Yoshihara
吉田 稔郎	yoshida-toshio	bio	吉原治良	Yoshihara Jirō	fr	④語順逆＋長音/アポストロフィ違い	~Jirō Yoshihara
吉田 稔郎	yoshida-toshio	bio	吉原治良	Yoshihara Jirō	es	④語順逆＋長音/アポストロフィ違い	~Jirō Yoshihara
吉田 稔郎	yoshida-toshio	bio	吉原治良	Yoshihara Jirō	de	④語順逆＋長音/アポストロフィ違い	~Jirō Yoshihara
高松 次郎	jiro-takamatsu	bio	中西夏之	Nakanishi Natsuyuki	en	②語順が逆	Natsuyuki Nakanishi
高松 次郎	jiro-takamatsu	bio	中西夏之	Nakanishi Natsuyuki	fr	②語順が逆	Natsuyuki Nakanishi
高松 次郎	jiro-takamatsu	bio	中西夏之	Nakanishi Natsuyuki	es	②語順が逆	Natsuyuki Nakanishi
高松 次郎	jiro-takamatsu	bio	中西夏之	Nakanishi Natsuyuki	de	②語順が逆	Natsuyuki Nakanishi
高松 次郎	jiro-takamatsu	bio	赤瀬川原平	Akasegawa Genpei	en	②語順が逆	Genpei Akasegawa
高松 次郎	jiro-takamatsu	bio	赤瀬川原平	Akasegawa Genpei	fr	②語順が逆	Genpei Akasegawa
高松 次郎	jiro-takamatsu	bio	赤瀬川原平	Akasegawa Genpei	es	②語順が逆	Genpei Akasegawa
高松 次郎	jiro-takamatsu	bio	赤瀬川原平	Akasegawa Genpei	de	②語順が逆	Genpei Akasegawa
中西 夏之	natsuyuki-nakanishi	bio	赤瀬川原平	Akasegawa Genpei	en	②語順が逆	Genpei Akasegawa
中西 夏之	natsuyuki-nakanishi	bio	赤瀬川原平	Akasegawa Genpei	fr	②語順が逆	Genpei Akasegawa
中西 夏之	natsuyuki-nakanishi	bio	赤瀬川原平	Akasegawa Genpei	es	②語順が逆	Genpei Akasegawa
中西 夏之	natsuyuki-nakanishi	bio	赤瀬川原平	Akasegawa Genpei	de	②語順が逆	Genpei Akasegawa
中西 夏之	natsuyuki-nakanishi	bio	高松次郎	Takamatsu Jirō	en	④語順逆＋長音/アポストロフィ違い	~Jirō Takamatsu
中西 夏之	natsuyuki-nakanishi	bio	高松次郎	Takamatsu Jirō	fr	④語順逆＋長音/アポストロフィ違い	~Jirō Takamatsu
中西 夏之	natsuyuki-nakanishi	bio	高松次郎	Takamatsu Jirō	es	④語順逆＋長音/アポストロフィ違い	~Jirō Takamatsu
中西 夏之	natsuyuki-nakanishi	bio	高松次郎	Takamatsu Jirō	de	④語順逆＋長音/アポストロフィ違い	~Jirō Takamatsu
川島 理一郎	kawashima-riichiro	bio	梅原龍三郎	Umehara Ryūzaburō	en	②語順が逆	Ryūzaburō Umehara
川島 理一郎	kawashima-riichiro	bio	梅原龍三郎	Umehara Ryūzaburō	fr	②語順が逆	Ryūzaburō Umehara
川島 理一郎	kawashima-riichiro	bio	梅原龍三郎	Umehara Ryūzaburō	es	②語順が逆	Ryūzaburō Umehara
川島 理一郎	kawashima-riichiro	bio	梅原龍三郎	Umehara Ryūzaburō	de	②語順が逆	Ryūzaburō Umehara
川島 理一郎	kawashima-riichiro	bio	藤田嗣治	Fujita Tsuguharu	en	⑥一部のみ:Tsuguharu	Tsuguharu
川島 理一郎	kawashima-riichiro	bio	藤田嗣治	Fujita Tsuguharu	fr	⑥一部のみ:Tsuguharu	Tsuguharu
川島 理一郎	kawashima-riichiro	bio	藤田嗣治	Fujita Tsuguharu	es	⑥一部のみ:Tsuguharu	Tsuguharu
川島 理一郎	kawashima-riichiro	bio	藤田嗣治	Fujita Tsuguharu	de	⑥一部のみ:Tsuguharu	Tsuguharu
中川 紀元	nakagawa-kigen	bio	石井柏亭	Ishii Hakutei	en	②語順が逆	Hakutei Ishii
中川 紀元	nakagawa-kigen	bio	石井柏亭	Ishii Hakutei	fr	②語順が逆	Hakutei Ishii
中川 紀元	nakagawa-kigen	bio	石井柏亭	Ishii Hakutei	es	②語順が逆	Hakutei Ishii
伊原 宇三郎	ihara-usaburo	bio	藤島武二	Fujishima Takeji	en	②語順が逆	Takeji Fujishima
伊原 宇三郎	ihara-usaburo	bio	藤島武二	Fujishima Takeji	fr	②語順が逆	Takeji Fujishima
伊原 宇三郎	ihara-usaburo	bio	藤島武二	Fujishima Takeji	es	②語順が逆	Takeji Fujishima
伊原 宇三郎	ihara-usaburo	bio	藤島武二	Fujishima Takeji	de	②語順が逆	Takeji Fujishima
中村 琢二	nakamura-takuji	bio	中村研一	Nakamura Ken'ichi	en	④語順逆＋長音/アポストロフィ違い	~Ken'ichi Nakamura
中村 琢二	nakamura-takuji	bio	中村研一	Nakamura Ken'ichi	fr	④語順逆＋長音/アポストロフィ違い	~Ken'ichi Nakamura
中村 琢二	nakamura-takuji	bio	中村研一	Nakamura Ken'ichi	es	④語順逆＋長音/アポストロフィ違い	~Ken'ichi Nakamura
中村 琢二	nakamura-takuji	bio	中村研一	Nakamura Ken'ichi	de	④語順逆＋長音/アポストロフィ違い	~Ken'ichi Nakamura
奥田 元宋	okuda-genso	bio	児玉希望	Kodama Kibō	en	②語順が逆	Kibō Kodama
奥田 元宋	okuda-genso	bio	児玉希望	Kodama Kibō	fr	②語順が逆	Kibō Kodama
奥田 元宋	okuda-genso	bio	児玉希望	Kodama Kibō	es	②語順が逆	Kibō Kodama
奥田 元宋	okuda-genso	bio	児玉希望	Kodama Kibō	de	②語順が逆	Kibō Kodama
加藤 栄三	kato-eizo	bio	加藤東一	Katō Tōichi	en	②語順が逆	Tōichi Katō
加藤 栄三	kato-eizo	bio	加藤東一	Katō Tōichi	fr	②語順が逆	Tōichi Katō
加藤 栄三	kato-eizo	bio	加藤東一	Katō Tōichi	es	②語順が逆	Tōichi Katō
加藤 栄三	kato-eizo	bio	加藤東一	Katō Tōichi	de	②語順が逆	Tōichi Katō
加藤 東一	kato-toichi	bio	加藤栄三	Katō Eizō	en	②語順が逆	Eizō Katō
加藤 東一	kato-toichi	bio	加藤栄三	Katō Eizō	fr	②語順が逆	Eizō Katō
加藤 東一	kato-toichi	bio	加藤栄三	Katō Eizō	es	②語順が逆	Eizō Katō
加藤 東一	kato-toichi	bio	加藤栄三	Katō Eizō	de	②語順が逆	Eizō Katō
中村 貞以	nakamura-teii	bio	北野恒富	Kitano Tsunetomi	en	②語順が逆	Tsunetomi Kitano
中村 貞以	nakamura-teii	bio	北野恒富	Kitano Tsunetomi	fr	②語順が逆	Tsunetomi Kitano
中村 貞以	nakamura-teii	bio	北野恒富	Kitano Tsunetomi	es	②語順が逆	Tsunetomi Kitano
中村 貞以	nakamura-teii	bio	北野恒富	Kitano Tsunetomi	de	②語順が逆	Tsunetomi Kitano
岩崎 巴人	iwasaki-hajin	bio	小林古径	Kobayashi Kokei	en	②語順が逆	Kokei Kobayashi
岩崎 巴人	iwasaki-hajin	bio	小林古径	Kobayashi Kokei	fr	②語順が逆	Kokei Kobayashi
岩崎 巴人	iwasaki-hajin	bio	小林古径	Kobayashi Kokei	es	②語順が逆	Kokei Kobayashi
岩崎 巴人	iwasaki-hajin	bio	小林古径	Kobayashi Kokei	de	②語順が逆	Kokei Kobayashi
岩崎 巴人	iwasaki-hajin	bio	横山大観	Yokoyama Taikan	en	②語順が逆	Taikan Yokoyama
岩崎 巴人	iwasaki-hajin	bio	横山大観	Yokoyama Taikan	fr	②語順が逆	Taikan Yokoyama
岩崎 巴人	iwasaki-hajin	bio	横山大観	Yokoyama Taikan	es	②語順が逆	Taikan Yokoyama
岩崎 巴人	iwasaki-hajin	bio	横山大観	Yokoyama Taikan	de	②語順が逆	Taikan Yokoyama
大澤 竹胎	osawa-chikutai	bio	大澤雅休	Ōsawa Gakyū	en	③長音/アポストロフィ違い	~Ōsawa Gakyū
大澤 竹胎	osawa-chikutai	bio	大澤雅休	Ōsawa Gakyū	fr	③長音/アポストロフィ違い	~Ōsawa Gakyū
大澤 竹胎	osawa-chikutai	bio	大澤雅休	Ōsawa Gakyū	es	③長音/アポストロフィ違い	~Ōsawa Gakyū
大澤 竹胎	osawa-chikutai	bio	大澤雅休	Ōsawa Gakyū	de	③長音/アポストロフィ違い	~Ōsawa Gakyū
水之江 忠臣	mizunoe-tadaomi	bio	前川國男	Maekawa Kunio	en	②語順が逆	Kunio Maekawa
水之江 忠臣	mizunoe-tadaomi	bio	前川國男	Maekawa Kunio	fr	②語順が逆	Kunio Maekawa
水之江 忠臣	mizunoe-tadaomi	bio	前川國男	Maekawa Kunio	es	②語順が逆	Kunio Maekawa
水之江 忠臣	mizunoe-tadaomi	bio	前川國男	Maekawa Kunio	de	②語順が逆	Kunio Maekawa
丹下 健三	tange-kenzo	bio	前川國男	Maekawa Kunio	en	②語順が逆	Kunio Maekawa
丹下 健三	tange-kenzo	bio	前川國男	Maekawa Kunio	fr	②語順が逆	Kunio Maekawa
丹下 健三	tange-kenzo	bio	前川國男	Maekawa Kunio	es	②語順が逆	Kunio Maekawa
丹下 健三	tange-kenzo	bio	前川國男	Maekawa Kunio	de	②語順が逆	Kunio Maekawa
清家 清	seike-kiyoshi	bio	篠原一男	Shinohara Kazuo	en	②語順が逆	Kazuo Shinohara
清家 清	seike-kiyoshi	bio	篠原一男	Shinohara Kazuo	fr	②語順が逆	Kazuo Shinohara
清家 清	seike-kiyoshi	bio	篠原一男	Shinohara Kazuo	es	②語順が逆	Kazuo Shinohara
清家 清	seike-kiyoshi	bio	篠原一男	Shinohara Kazuo	de	②語順が逆	Kazuo Shinohara
清家 清	seike-kiyoshi	bio	谷口吉郎	Taniguchi Yoshirō	en	④語順逆＋長音/アポストロフィ違い	~Yoshirō Taniguchi
清家 清	seike-kiyoshi	bio	谷口吉郎	Taniguchi Yoshirō	fr	④語順逆＋長音/アポストロフィ違い	~Yoshirō Taniguchi
清家 清	seike-kiyoshi	bio	谷口吉郎	Taniguchi Yoshirō	es	④語順逆＋長音/アポストロフィ違い	~Yoshirō Taniguchi
清家 清	seike-kiyoshi	bio	谷口吉郎	Taniguchi Yoshirō	de	④語順逆＋長音/アポストロフィ違い	~Yoshirō Taniguchi
清家 清	seike-kiyoshi	viewpoint	篠原一男	Shinohara Kazuo	en	②語順が逆	Kazuo Shinohara
清家 清	seike-kiyoshi	viewpoint	篠原一男	Shinohara Kazuo	fr	②語順が逆	Kazuo Shinohara
清家 清	seike-kiyoshi	viewpoint	篠原一男	Shinohara Kazuo	es	②語順が逆	Kazuo Shinohara
清家 清	seike-kiyoshi	viewpoint	篠原一男	Shinohara Kazuo	de	②語順が逆	Kazuo Shinohara
内田 祥三	uchida-yoshikazu	bio	佐野利器	Sano Toshikata	en	②語順が逆	Toshikata Sano
内田 祥三	uchida-yoshikazu	bio	佐野利器	Sano Toshikata	fr	②語順が逆	Toshikata Sano
内田 祥三	uchida-yoshikazu	bio	佐野利器	Sano Toshikata	es	②語順が逆	Toshikata Sano
内田 祥三	uchida-yoshikazu	bio	佐野利器	Sano Toshikata	de	②語順が逆	Toshikata Sano
内田 祥三	uchida-yoshikazu	viewpoint	佐野利器	Sano Toshikata	en	②語順が逆	Toshikata Sano
内田 祥三	uchida-yoshikazu	viewpoint	佐野利器	Sano Toshikata	fr	②語順が逆	Toshikata Sano
内田 祥三	uchida-yoshikazu	viewpoint	佐野利器	Sano Toshikata	es	②語順が逆	Toshikata Sano
内田 祥三	uchida-yoshikazu	viewpoint	佐野利器	Sano Toshikata	de	②語順が逆	Toshikata Sano
前川 國男	maekawa-kunio	bio	坂倉準三	Sakakura Junzo	en	②語順が逆	Junzo Sakakura
前川 國男	maekawa-kunio	bio	坂倉準三	Sakakura Junzo	fr	②語順が逆	Junzo Sakakura
前川 國男	maekawa-kunio	bio	坂倉準三	Sakakura Junzo	es	②語順が逆	Junzo Sakakura
前川 國男	maekawa-kunio	bio	坂倉準三	Sakakura Junzo	de	②語順が逆	Junzo Sakakura
大高正人	otaka-masato	bio	前川國男	Maekawa Kunio	en	②語順が逆	Kunio Maekawa
大高正人	otaka-masato	bio	前川國男	Maekawa Kunio	fr	②語順が逆	Kunio Maekawa
大高正人	otaka-masato	bio	前川國男	Maekawa Kunio	es	②語順が逆	Kunio Maekawa
大高正人	otaka-masato	bio	前川國男	Maekawa Kunio	de	②語順が逆	Kunio Maekawa
大高正人	otaka-masato	viewpoint	前川國男	Maekawa Kunio	en	②語順が逆	Kunio Maekawa
大高正人	otaka-masato	viewpoint	前川國男	Maekawa Kunio	fr	②語順が逆	Kunio Maekawa
大高正人	otaka-masato	viewpoint	前川國男	Maekawa Kunio	es	②語順が逆	Kunio Maekawa
大高正人	otaka-masato	viewpoint	前川國男	Maekawa Kunio	de	②語順が逆	Kunio Maekawa
東孝光	azuma-takamitsu	bio	坂倉準三	Sakakura Junzo	en	②語順が逆	Junzo Sakakura
東孝光	azuma-takamitsu	bio	坂倉準三	Sakakura Junzo	fr	②語順が逆	Junzo Sakakura
東孝光	azuma-takamitsu	bio	坂倉準三	Sakakura Junzo	es	②語順が逆	Junzo Sakakura
東孝光	azuma-takamitsu	bio	坂倉準三	Sakakura Junzo	de	⑥一部のみ:Junzo	Junzo
白井晟一	shirai-seiichi	bio	高村光太郎	Takamura Kōtarō	de	⑥一部のみ:Kōtarō	Kōtarō
西澤文隆	nishizawa-fumitaka	bio	坂倉準三	Sakakura Junzo	en	②語順が逆	Junzo Sakakura
西澤文隆	nishizawa-fumitaka	bio	坂倉準三	Sakakura Junzo	fr	②語順が逆	Junzo Sakakura
西澤文隆	nishizawa-fumitaka	bio	坂倉準三	Sakakura Junzo	es	②語順が逆	Junzo Sakakura
西澤文隆	nishizawa-fumitaka	bio	坂倉準三	Sakakura Junzo	de	②語順が逆	Junzo Sakakura
西澤文隆	nishizawa-fumitaka	viewpoint	坂倉準三	Sakakura Junzo	en	②語順が逆	Junzo Sakakura
西澤文隆	nishizawa-fumitaka	viewpoint	坂倉準三	Sakakura Junzo	fr	②語順が逆	Junzo Sakakura
西澤文隆	nishizawa-fumitaka	viewpoint	坂倉準三	Sakakura Junzo	es	②語順が逆	Junzo Sakakura
西澤文隆	nishizawa-fumitaka	viewpoint	坂倉準三	Sakakura Junzo	de	⑥一部のみ:Junzo	Junzo