作家,列,台帳A(Vault)の値,台帳B(デスク)の値,由来の判定
"狩野芳崖","名前(ローマ字)","Kanō Hōgai","Kano Hogai","第39便A案266名：一覧の from/to と完全一致"
"橋本雅邦","名前(ローマ字)","Hashimoto Gahō","Hashimoto Gaho","第39便A案266名：一覧の from/to と完全一致"
"菱田春草","名前(ローマ字)","Hishida Shunsō","Hishida Shunso","第39便A案266名：一覧の from/to と完全一致"
"西郷孤月","名前(ローマ字)","Saigō Kogetsu","Saigo Kogetsu","第39便A案266名：一覧の from/to と完全一致"
"今村紫紅","名前(ローマ字)","Imamura Shikō","Imamura Shiko","第39便A案266名：一覧の from/to と完全一致"
"速水御舟","名前(ローマ字)","Hayami Gyoshū","Hayami Gyoshu","第39便A案266名：一覧の from/to と完全一致"
"中村岳陵","名前(ローマ字)","Nakamura Gakuryō","Nakamura Gakuryo","第39便A案266名：一覧の from/to と完全一致"
"川端龍子","名前(ローマ字)","Kawabata Ryūshi","Kawabata Ryushi","第39便A案266名：一覧の from/to と完全一致"
"竹内栖鳳","名前(ローマ字)","Takeuchi Seihō","Takeuchi Seiho","第39便A案266名：一覧の from/to と完全一致"
"上村松園","名前(ローマ字)","Uemura Shōen","Uemura Shoen","第39便A案266名：一覧の from/to と完全一致"
"西山翠嶂","名前(ローマ字)","Nishiyama Suishō","Nishiyama Suisho","第39便A案266名：一覧の from/to と完全一致"
"小野竹喬","名前(ローマ字)","Ono Chikkyō","Ono Chikkyo","第39便A案266名：一覧の from/to と完全一致"
"入江波光","名前(ローマ字)","Irie Hakō","Irie Hako","第39便A案266名：一覧の from/to と完全一致"
"榊原紫峰","名前(ローマ字)","Sakakibara Shihō","Sakakibara Shiho","第39便A案266名：一覧の from/to と完全一致"
"堂本印象","名前(ローマ字)","Dōmoto Inshō","Domoto Insho","第39便A案266名：一覧の from/to と完全一致"
"福田平八郎","名前(ローマ字)","Fukuda Heihachirō","Fukuda Heihachiro","第39便A案266名：一覧の from/to と完全一致"
"山口華楊","名前(ローマ字)","Yamaguchi Kayō","Yamaguchi Kayo","第39便A案266名：一覧の from/to と完全一致"
"中村大三郎","名前(ローマ字)","Nakamura Daizaburō","Nakamura Daizaburo","第39便A案266名：一覧の from/to と完全一致"
"甲斐荘楠音","名前(ローマ字)","Kainoshō Tadaoto","Kainosho Tadaoto","第39便A案266名：一覧の from/to と完全一致"
"伊東深水","名前(ローマ字)","Itō Shinsui","Ito Shinsui","第39便A案266名：一覧の from/to と完全一致"
"川合玉堂","名前(ローマ字)","Kawai Gyokudō","Kawai Gyokudo","第39便A案266名：一覧の from/to と完全一致"
"山口蓬春","名前(ローマ字)","Yamaguchi Hōshun","Yamaguchi Hoshun","第39便A案266名：一覧の from/to と完全一致"
"郷倉千靱","名前(ローマ字)","Gōkura Senjin","Gokura Senjin","第39便A案266名：一覧の from/to と完全一致"
"川崎小虎","名前(ローマ字)","Kawasaki Shōko","Kawasaki Shoko","第39便A案266名：一覧の from/to と完全一致"
"児玉希望","名前(ローマ字)","Kodama Kibō","Kodama Kibo","第39便A案266名：一覧の from/to と完全一致"
"山本丘人","名前(ローマ字)","Yamamoto Kyūjin","Yamamoto Kyujin","第39便A案266名：一覧の from/to と完全一致"
"福田豊四郎","名前(ローマ字)","Fukuda Toyoshirō","Fukuda Toyoshiro","第39便A案266名：一覧の from/to と完全一致"
"加山又造","名前(ローマ字)","Kayama Matazō","Kayama Matazo","第39便A案266名：一覧の from/to と完全一致"
"池田遙邨","名前(ローマ字)","Ikeda Yōson","Ikeda Yoson","第39便A案266名：一覧の from/to と完全一致"
"上村松篁","名前(ローマ字)","Uemura Shōkō","Uemura Shoko","第39便A案266名：一覧の from/to と完全一致"
"後藤純男","名前(ローマ字)","Gotō Sumio","Goto Sumio","第39便A案266名：一覧の from/to と完全一致"
"浅井忠","名前(ローマ字)","Asai Chū","Asai Chu","第39便A案266名：一覧の from/to と完全一致"
"山本芳翠","名前(ローマ字)","Yamamoto Hōsui","Yamamoto Hosui","第39便A案266名：一覧の from/to と完全一致"
"原田直次郎","名前(ローマ字)","Harada Naojirō","Harada Naojiro","第39便A案266名：一覧の from/to と完全一致"
"久米桂一郎","名前(ローマ字)","Kume Keiichirō","Kume Keiichiro","第39便A案266名：一覧の from/to と完全一致"
"岡田三郎助","名前(ローマ字)","Okada Saburōsuke","Okada Saburosuke","第39便A案266名：一覧の from/to と完全一致"
"坂本繁二郎","名前(ローマ字)","Sakamoto Hanjirō","Sakamoto Hanjiro","第39便A案266名：一覧の from/to と完全一致"
"萬鉄五郎","名前(ローマ字)","Yorozu Tetsugorō","Yorozu Tetsugoro","第39便A案266名：一覧の from/to と完全一致"
"岸田劉生","名前(ローマ字)","Kishida Ryūsei","Kishida Ryusei","第39便A案266名：一覧の from/to と完全一致"
"木村荘八","名前(ローマ字)","Kimura Shōhachi","Kimura Shohachi","第39便A案266名：一覧の from/to と完全一致"
"関根正二","名前(ローマ字)","Sekine Shōji","Sekine Shoji","第39便A案266名：一覧の from/to と完全一致"
"佐伯祐三","名前(ローマ字)","Saeki Yūzō","Saeki Yuzo","第39便A案266名：一覧の from/to と完全一致"
"安井曾太郎","名前(ローマ字)","Yasui Sōtarō","Yasui Sotaro","第39便A案266名：一覧の from/to と完全一致"
"梅原龍三郎","名前(ローマ字)","Umehara Ryūzaburō","Umehara Ryuzaburo","第39便A案266名：一覧の from/to と完全一致"
"須田国太郎","名前(ローマ字)","Suda Kunitarō","Suda Kunitaro","第39便A案266名：一覧の from/to と完全一致"
"三岸好太郎","名前(ローマ字)","Migishi Kōtarō","Migishi Kotaro","第39便A案266名：一覧の from/to と完全一致"
"鳥海青児","名前(ローマ字)","Chōkai Seiji","Chokai Seiji","第39便A案266名：一覧の from/to と完全一致"
"児島善三郎","名前(ローマ字)","Kojima Zenzaburō","Kojima Zenzaburo","第39便A案266名：一覧の from/to と完全一致"
"福沢一郎","名前(ローマ字)","Fukuzawa Ichirō","Fukuzawa Ichiro","第39便A案266名：一覧の from/to と完全一致"
"小磯良平","名前(ローマ字)","Koiso Ryōhei","Koiso Ryohei","第39便A案266名：一覧の from/to と完全一致"
"東郷青児","名前(ローマ字)","Tōgō Seiji","Togo Seiji","第39便A案266名：一覧の from/to と完全一致"
"宮本三郎","名前(ローマ字)","Miyamoto Saburō","Miyamoto Saburo","第39便A案266名：一覧の from/to と完全一致"
"小山敬三","名前(ローマ字)","Koyama Keizō","Koyama Keizo","第39便A案266名：一覧の from/to と完全一致"
"山下新太郎","名前(ローマ字)","Yamashita Shintarō","Yamashita Shintaro","第39便A案266名：一覧の from/to と完全一致"
"高畠達四郎","名前(ローマ字)","Takabatake Tatsushirō","Takabatake Tatsushiro","第39便A案266名：一覧の from/to と完全一致"
"里見勝蔵","名前(ローマ字)","Satomi Katsuzō","Satomi Katsuzo","第39便A案266名：一覧の from/to と完全一致"
"鈴木信太郎","名前(ローマ字)","Suzuki Shintarō","Suzuki Shintaro","第39便A案266名：一覧の from/to と完全一致"
"寺内萬治郎","名前(ローマ字)","Terauchi Manjirō","Terauchi Manjiro","第39便A案266名：一覧の from/to と完全一致"
"中村研一","名前(ローマ字)","Nakamura Ken'ichi","Nakamura Kenichi","復帰便5名：一覧の from/to と完全一致"
"大下藤次郎","名前(ローマ字)","Ōshita Tōjirō","Oshita Tojiro","第39便A案266名：一覧の from/to と完全一致"
"麻生三郎","名前(ローマ字)","Asō Saburō","Aso Saburo","第39便A案266名：一覧の from/to と完全一致"
"井上長三郎","名前(ローマ字)","Inoue Chōzaburō","Inoue Chozaburo","第39便A案266名：一覧の from/to と完全一致"
"野口弥太郎","名前(ローマ字)","Noguchi Yatarō","Noguchi Yataro","第39便A案266名：一覧の from/to と完全一致"
"豊道春海","名前(ローマ字)","Bundō Shunkai","Bundo Shunkai","第39便A案266名：一覧の from/to と完全一致"
"辻本史邑","名前(ローマ字)","Tsujimoto Shiyū","Tsujimoto Shiyu","第39便A案266名：一覧の from/to と完全一致"
"手島右卿","名前(ローマ字)","Teshima Yūkei","Teshima Yukei","第39便A案266名：一覧の from/to と完全一致"
"日比野五鳳","名前(ローマ字)","Hibino Gohō","Hibino Goho","第39便A案266名：一覧の from/to と完全一致"
"上田桑鳩","名前(ローマ字)","Ueda Sōkyū","Ueda Sokyu","第39便A案266名：一覧の from/to と完全一致"
"金子鷗亭","名前(ローマ字)","Kaneko Ōtei","Kaneko Otei","第39便A案266名：一覧の from/to と完全一致"
"安東聖空","名前(ローマ字)","Andō Seikū","Ando Seiku","第39便A案266名：一覧の from/to と完全一致"
"松本芳翠","名前(ローマ字)","Matsumoto Hōsui","Matsumoto Hosui","第39便A案266名：一覧の from/to と完全一致"
"桑原翠邦","名前(ローマ字)","Kuwahara Suihō","Kuwahara Suiho","第39便A案266名：一覧の from/to と完全一致"
"大澤雅休","名前(ローマ字)","Ōsawa Gakyū","Osawa Gakyu","第39便A案266名：一覧の from/to と完全一致"
"村上三島","名前(ローマ字)","Murakami Santō","Murakami Santo","第39便A案266名：一覧の from/to と完全一致"
"尾上柴舟","名前(ローマ字)","Onoe Saishū","Onoe Saishu","第39便A案266名：一覧の from/to と完全一致"
"小野鵞堂","名前(ローマ字)","Ono Gadō","Ono Gado","第39便A案266名：一覧の from/to と完全一致"
"田中塊堂","名前(ローマ字)","Tanaka Kaidō","Tanaka Kaido","第39便A案266名：一覧の from/to と完全一致"
"山岡鉄舟","名前(ローマ字)","Yamaoka Tesshū","Yamaoka Tesshu","第39便A案266名：一覧の from/to と完全一致"
"北大路魯山人","名前(ローマ字)","Kitaōji Rosanjin","Kitaoji Rosanjin","第39便A案266名：一覧の from/to と完全一致"
"上條信山","名前(ローマ字)","Kamijō Shinzan","Kamijo Shinzan","第39便A案266名：一覧の from/to と完全一致"
"今井凌雪","名前(ローマ字)","Imai Ryōsetsu","Imai Ryosetsu","第39便A案266名：一覧の from/to と完全一致"
"井上有一","名前(ローマ字)","Inoue Yūichi","Inoue Yuichi","第39便A案266名：一覧の from/to と完全一致"
"高村光雲","名前(ローマ字)","Takamura Kōun","Takamura Koun","第39便A案266名：一覧の from/to と完全一致"
"高村光太郎","名前(ローマ字)","Takamura Kōtarō","Takamura Kotaro","第39便A案266名：一覧の from/to と完全一致"
"北村西望","名前(ローマ字)","Kitamura Seibō","Kitamura Seibo","第39便A案266名：一覧の from/to と完全一致"
"平櫛田中","名前(ローマ字)","Hirakushi Denchū","Hirakushi Denchu","第39便A案266名：一覧の from/to と完全一致"
"中原悌二郎","名前(ローマ字)","Nakahara Teijirō","Nakahara Teijiro","第39便A案266名：一覧の from/to と完全一致"
"石井鶴三","名前(ローマ字)","Ishii Tsuruzō","Ishii Tsuruzo","第39便A案266名：一覧の from/to と完全一致"
"新海竹太郎","名前(ローマ字)","Shinkai Taketarō","Shinkai Taketaro","第39便A案266名：一覧の from/to と完全一致"
"山崎朝雲","名前(ローマ字)","Yamazaki Chōun","Yamazaki Choun","第39便A案266名：一覧の from/to と完全一致"
"内藤伸","名前(ローマ字)","Naitō Shin","Naito Shin","第39便A案266名：一覧の from/to と完全一致"
"吉田三郎","名前(ローマ字)","Yoshida Saburō","Yoshida Saburo","第39便A案266名：一覧の from/to と完全一致"
"加藤顕清","名前(ローマ字)","Katō Kensei","Kato Kensei","第39便A案266名：一覧の from/to と完全一致"
"佐藤忠良","名前(ローマ字)","Satō Chūryō","Sato Churyo","第39便A案266名：一覧の from/to と完全一致"
"本郷新","名前(ローマ字)","Hongō Shin","Hongo Shin","第39便A案266名：一覧の from/to と完全一致"
"澤田政廣","名前(ローマ字)","Sawada Seikō","Sawada Seiko","第39便A案266名：一覧の from/to と完全一致"
"圓鍔勝三","名前(ローマ字)","Entsuba Katsuzō","Entsuba Katsuzo","第39便A案266名：一覧の from/to と完全一致"
"雨宮治郎","名前(ローマ字)","Amemiya Jirō","Amemiya Jiro","第39便A案266名：一覧の from/to と完全一致"
"桜井祐一","名前(ローマ字)","Sakurai Yūichi","Sakurai Yuichi","第39便A案266名：一覧の from/to と完全一致"
"向井良吉","名前(ローマ字)","Mukai Ryōkichi","Mukai Ryokichi","第39便A案266名：一覧の from/to と完全一致"
"保田龍門","名前(ローマ字)","Yasuda Ryūmon","Yasuda Ryumon","第39便A案266名：一覧の from/to と完全一致"
"宮川香山","名前(ローマ字)","Miyagawa Kōzan","Miyagawa Kozan","第39便A案266名：一覧の from/to と完全一致"
"濱田庄司","名前(ローマ字)","Hamada Shōji","Hamada Shoji","第39便A案266名：一覧の from/to と完全一致"
"河井寛次郎","名前(ローマ字)","Kawai Kanjirō","Kawai Kanjiro","第39便A案266名：一覧の from/to と完全一致"
"荒川豊蔵","名前(ローマ字)","Arakawa Toyozō","Arakawa Toyozo","第39便A案266名：一覧の from/to と完全一致"
"金重陶陽","名前(ローマ字)","Kaneshige Tōyō","Kaneshige Toyo","第39便A案266名：一覧の from/to と完全一致"
"加藤土師萌","名前(ローマ字)","Katō Hajime","Kato Hajime","第39便A案266名：一覧の from/to と完全一致"
"三輪休和","名前(ローマ字)","Miwa Kyūwa","Miwa Kyuwa","第39便A案266名：一覧の from/to と完全一致"
"藤原雄","名前(ローマ字)","Fujiwara Yū","Fujiwara Yu","第39便A案266名：一覧の from/to と完全一致"
"山本陶秀","名前(ローマ字)","Yamamoto Tōshū","Yamamoto Toshu","第39便A案266名：一覧の from/to と完全一致"
"近藤悠三","名前(ローマ字)","Kondō Yūzō","Kondo Yuzo","第39便A案266名：一覧の from/to と完全一致"
"加藤卓男","名前(ローマ字)","Katō Takuo","Kato Takuo","第39便A案266名：一覧の from/to と完全一致"
"田村耕一","名前(ローマ字)","Tamura Kōichi","Tamura Koichi","第39便A案266名：一覧の from/to と完全一致"
"松井康成","名前(ローマ字)","Matsui Kōsei","Matsui Kosei","第39便A案266名：一覧の from/to と完全一致"
"島岡達三","名前(ローマ字)","Shimaoka Tatsuzō","Shimaoka Tatsuzo","第39便A案266名：一覧の from/to と完全一致"
"加藤孝造","名前(ローマ字)","Katō Kōzō","Kato Kozo","第39便A案266名：一覧の from/to と完全一致"
"加守田章二","名前(ローマ字)","Kamoda Shōji","Kamoda Shoji","第39便A案266名：一覧の from/to と完全一致"
"稲垣稔次郎","名前(ローマ字)","Inagaki Toshijirō","Inagaki Toshijiro","第39便A案266名：一覧の from/to と完全一致"
"森口華弘","名前(ローマ字)","Moriguchi Kakō","Moriguchi Kako","第39便A案266名：一覧の from/to と完全一致"
"小宮康助","名前(ローマ字)","Komiya Kōsuke","Komiya Kosuke","第39便A案266名：一覧の from/to と完全一致"
"宗廣力三","名前(ローマ字)","Munehiro Rikizō","Munehiro Rikizo","第39便A案266名：一覧の from/to と完全一致"
"鎌倉芳太郎","名前(ローマ字)","Kamakura Yoshitarō","Kamakura Yoshitaro","第39便A案266名：一覧の from/to と完全一致"
"龍村平蔵","名前(ローマ字)","Tatsumura Heizō","Tatsumura Heizo","第39便A案266名：一覧の from/to と完全一致"
"高野松山","名前(ローマ字)","Takano Shōzan","Takano Shozan","第39便A案266名：一覧の from/to と完全一致"
"音丸耕堂","名前(ローマ字)","Otomaru Kōdō","Otomaru Kodo","第39便A案266名：一覧の from/to と完全一致"
"赤地友哉","名前(ローマ字)","Akaji Yūsai","Akaji Yusai","第39便A案266名：一覧の from/to と完全一致"
"大場松魚","名前(ローマ字)","Ōba Shōgyo","Oba Shogyo","第39便A案266名：一覧の from/to と完全一致"
"塩多慶四郎","名前(ローマ字)","Shiota Keishirō","Shioda Keishiro","復帰便5名：一覧の from/to と完全一致"
"氷見晃堂","名前(ローマ字)","Himi Kōdō","Himi Kodo","第39便A案266名：一覧の from/to と完全一致"
"佐々木象堂","名前(ローマ字)","Sasaki Shōdō","Sasaki Shodo","第39便A案266名：一覧の from/to と完全一致"
"内藤四郎","名前(ローマ字)","Naitō Shirō","Naito Shiro","第39便A案266名：一覧の from/to と完全一致"
"関谷四郎","名前(ローマ字)","Sekiya Shirō","Sekiya Shiro","第39便A案266名：一覧の from/to と完全一致"
"蓮田修吾郎","名前(ローマ字)","Hasuda Shūgorō","Hasuda Shugoro","第39便A案266名：一覧の from/to と完全一致"
"帖佐美行","名前(ローマ字)","Chōsa Yoshiyuki","Chosa Yoshiyuki","第39便A案266名：一覧の from/to と完全一致"
"生野祥雲斎","名前(ローマ字)","Shōno Shōunsai","Shono Shounsai","第39便A案266名：一覧の from/to と完全一致"
"飯塚琅玕斎","名前(ローマ字)","Iizuka Rōkansai","Iizuka Rokansai","第39便A案266名：一覧の from/to と完全一致"
"平田郷陽","名前(ローマ字)","Hirata Gōyō","Hirata Goyo","第39便A案266名：一覧の from/to と完全一致"
"堀柳女","名前(ローマ字)","Hori Ryūjo","Hori Ryujo","第39便A案266名：一覧の from/to と完全一致"
"鹿児島寿蔵","名前(ローマ字)","Kagoshima Juzō","Kagoshima Juzo","第39便A案266名：一覧の from/to と完全一致"
"各務鑛三","名前(ローマ字)","Kagami Kōzō","Kagami Kozo","第39便A案266名：一覧の from/to と完全一致"
"岩田藤七","名前(ローマ字)","Iwata Tōshichi","Iwata Toshichi","第39便A案266名：一覧の from/to と完全一致"
"藤田喬平","名前(ローマ字)","Fujita Kyōhei","Fujita Kyohei","第39便A案266名：一覧の from/to と完全一致"
"濤川惣助","名前(ローマ字)","Namikawa Sōsuke","Namikawa Sosuke","第39便A案266名：一覧の from/to と完全一致"
"下岡蓮杖","名前(ローマ字)","Shimooka Renjō","Shimooka Renjo","第39便A案266名：一覧の from/to と完全一致"
"田本研造","名前(ローマ字)","Tamoto Kenzō","Tamoto Kenzo","第39便A案266名：一覧の from/to と完全一致"
"福原信三","名前(ローマ字)","Fukuhara Shinzō","Fukuhara Shinzo","第39便A案266名：一覧の from/to と完全一致"
"野島康三","名前(ローマ字)","Nojima Yasuzō","Nojima Yasuzo","第39便A案266名：一覧の from/to と完全一致"
"名取洋之助","名前(ローマ字)","Natori Yōnosuke","Natori Yonosuke","第39便A案266名：一覧の from/to と完全一致"
"植田正治","名前(ローマ字)","Ueda Shōji","Ueda Shoji","第39便A案266名：一覧の from/to と完全一致"
"大辻清司","名前(ローマ字)","Ōtsuji Kiyoji","Otsuji Kiyoji","第39便A案266名：一覧の from/to と完全一致"
"東松照明","名前(ローマ字)","Tōmatsu Shōmei","Tomatsu Shomei","第39便A案266名：一覧の from/to と完全一致"
"奈良原一高","名前(ローマ字)","Narahara Ikkō","Narahara Ikko","第39便A案266名：一覧の from/to と完全一致"
"前田真三","名前(ローマ字)","Maeda Shinzō","Maeda Shinzo","第39便A案266名：一覧の from/to と完全一致"
"秋山庄太郎","名前(ローマ字)","Akiyama Shōtarō","Akiyama Shotaro","第39便A案266名：一覧の from/to と完全一致"
"山端庸介","名前(ローマ字)","Yamahata Yōsuke","Yamahata Yosuke","第39便A案266名：一覧の from/to と完全一致"
"沢田教一","名前(ローマ字)","Sawada Kyōichi","Sawada Kyoichi","第39便A案266名：一覧の from/to と完全一致"
"牛腸茂雄","名前(ローマ字)","Gochō Shigeo","Gocho Shigeo","第39便A案266名：一覧の from/to と完全一致"
"大竹省二","名前(ローマ字)","Ōtake Shōji","Otake Shoji","第39便A案266名：一覧の from/to と完全一致"
"一ノ瀬泰造","名前(ローマ字)","Ichinose Taizō","Ichinose Taizo","第39便A案266名：一覧の from/to と完全一致"
"淵上白陽","名前(ローマ字)","Fuchikami Hakuyō","Fuchikami Hakuyo","第39便A案266名：一覧の from/to と完全一致"
"日高長太郎","名前(ローマ字)","Hidaka Chōtarō","Hidaka Chotaro","第39便A案266名：一覧の from/to と完全一致"
"河野鷹思","名前(ローマ字)","Kōno Takashi","Kono Takashi","第39便A案266名：一覧の from/to と完全一致"
"亀倉雄策","名前(ローマ字)","Kamekura Yūsaku","Kamekura Yusaku","第39便A案266名：一覧の from/to と完全一致"
"田中一光","名前(ローマ字)","Tanaka Ikkō","Tanaka Ikko","第39便A案266名：一覧の from/to と完全一致"
"山城隆一","名前(ローマ字)","Yamashiro Ryūichi","Yamashiro Ryuichi","第39便A案266名：一覧の from/to と完全一致"
"仲條正義","名前(ローマ字)","Nakajō Masayoshi","Nakajo Masayoshi","第39便A案266名：一覧の from/to と完全一致"
"今竹七郎","名前(ローマ字)","Imatake Shichirō","Imatake Shichiro","第39便A案266名：一覧の from/to と完全一致"
"大橋正","名前(ローマ字)","Ōhashi Tadashi","Ohashi Tadashi","第39便A案266名：一覧の from/to と完全一致"
"柳宗理","名前(ローマ字)","Yanagi Sōri","Yanagi Sori","第39便A案266名：一覧の from/to と完全一致"
"倉俣史朗","名前(ローマ字)","Kuramata Shirō","Kuramata Shiro","第39便A案266名：一覧の from/to と完全一致"
"長大作","名前(ローマ字)","Chō Daisaku","Cho Daisaku","第39便A案266名：一覧の from/to と完全一致"
"高田賢三","名前(ローマ字)","Takada Kenzō","Takada Kenzo","第39便A案266名：一覧の from/to と完全一致"
"柚木沙弥郎","名前(ローマ字)","Yunoki Samirō","Yunoki Samiro","第39便A案266名：一覧の from/to と完全一致"
"桑沢洋子","名前(ローマ字)","Kuwasawa Yōko","Kuwasawa Yoko","第39便A案266名：一覧の from/to と完全一致"
"岡本太郎","名前(ローマ字)","Okamoto Tarō","Okamoto Taro","第39便A案266名：一覧の from/to と完全一致"
"吉原治良","名前(ローマ字)","Yoshihara Jirō","Yoshihara Jiro","第39便A案266名：一覧の from/to と完全一致"
"嶋本昭三","名前(ローマ字)","Shimamoto Shōzō","Shimamoto Shozo","第39便A案266名：一覧の from/to と完全一致"
"村上三郎","名前(ローマ字)","Murakami Saburō","Murakami Saburo","第39便A案266名：一覧の from/to と完全一致"
"浮田要三","名前(ローマ字)","Ukita Yōzō","Ukita Yozo","第39便A案266名：一覧の from/to と完全一致"
"上前智祐","名前(ローマ字)","Uemae Chiyū","Uemae Chiyu","第39便A案266名：一覧の from/to と完全一致"
"高松次郎","名前(ローマ字)","Takamatsu Jirō","Takamatsu Jiro","第39便A案266名：一覧の from/to と完全一致"
"工藤哲巳","名前(ローマ字)","Kudō Tetsumi","Kudo Tetsumi","第39便A案266名：一覧の from/to と完全一致"
"斎藤義重","名前(ローマ字)","Saitō Yoshishige","Saito Yoshishige","第39便A案266名：一覧の from/to と完全一致"
"吉田克朗","名前(ローマ字)","Yoshida Katsurō","Yoshida Katsuro","第39便A案266名：一覧の from/to と完全一致"
"榎倉康二","名前(ローマ字)","Enokura Kōji","Enokura Koji","第39便A案266名：一覧の from/to と完全一致"
"堂本尚郎","名前(ローマ字)","Dōmoto Hisao","Domoto Hisao","第39便A案266名：一覧の from/to と完全一致"
"荒川修作","名前(ローマ字)","Arakawa Shūsaku","Arakawa Shusaku","第39便A案266名：一覧の from/to と完全一致"
"川端玉章","名前(ローマ字)","Kawabata Gyokushō","Kawabata Gyokusho","第39便A案266名：一覧の from/to と完全一致"
"寺崎広業","名前(ローマ字)","Terazaki Kōgyō","Terazaki Kogyo","第39便A案266名：一覧の from/to と完全一致"
"結城素明","名前(ローマ字)","Yūki Somei","Yuki Somei","第39便A案266名：一覧の from/to と完全一致"
"松岡映丘","名前(ローマ字)","Matsuoka Eikyū","Matsuoka Eikyu","第39便A案266名：一覧の from/to と完全一致"
"池上秀畝","名前(ローマ字)","Ikegami Shūho","Ikegami Shuho","第39便A案266名：一覧の from/to と完全一致"
"菊池芳文","名前(ローマ字)","Kikuchi Hōbun","Kikuchi Hobun","第39便A案266名：一覧の from/to と完全一致"
"木島桜谷","名前(ローマ字)","Konoshima Ōkoku","Konoshima Okoku","第39便A案266名：一覧の from/to と完全一致"
"都路華香","名前(ローマ字)","Tsuji Kakō","Tsuji Kako","第39便A案266名：一覧の from/to と完全一致"
"湯浅一郎","名前(ローマ字)","Yuasa Ichirō","Yuasa Ichiro","第39便A案266名：一覧の from/to と完全一致"
"満谷国四郎","名前(ローマ字)","Mitsutani Kunishirō","Mitsutani Kunishiro","第39便A案266名：一覧の from/to と完全一致"
"鹿子木孟郎","名前(ローマ字)","Kanokogi Takeshirō","Kanokogi Takeshiro","第39便A案266名：一覧の from/to と完全一致"
"南薫造","名前(ローマ字)","Minami Kunzō","Minami Kunzo","第39便A案266名：一覧の from/to と完全一致"
"太田喜二郎","名前(ローマ字)","Ōta Kijirō","Ota Kijiro","第39便A案266名：一覧の from/to と完全一致"
"倉田白羊","名前(ローマ字)","Kurata Hakuyō","Kurata Hakuyo","第39便A案266名：一覧の from/to と完全一致"
"小杉放菴","名前(ローマ字)","Kosugi Hōan","Kosugi Hoan","第39便A案266名：一覧の from/to と完全一致"
"川島理一郎","名前(ローマ字)","Kawashima Riichirō","Kawashima Riichiro","第39便A案266名：一覧の from/to と完全一致"
"津田青楓","名前(ローマ字)","Tsuda Seifū","Tsuda Seifu","第39便A案266名：一覧の from/to と完全一致"
"正宗得三郎","名前(ローマ字)","Masamune Tokusaburō","Masamune Tokusaburo","第39便A案266名：一覧の from/to と完全一致"
"黒田重太郎","名前(ローマ字)","Kuroda Jūtarō","Kuroda Jutaro","第39便A案266名：一覧の from/to と完全一致"
"鬼頭鍋三郎","名前(ローマ字)","Kitō Nabesaburō","Kito Nabesaburo","第39便A案266名：一覧の from/to と完全一致"
"伊原宇三郎","名前(ローマ字)","Ihara Usaburō","Ihara Usaburo","第39便A案266名：一覧の from/to と完全一致"
"大沢昌助","名前(ローマ字)","Ōsawa Shōsuke","Osawa Shosuke","第39便A案266名：一覧の from/to と完全一致"
"奥田元宋","名前(ローマ字)","Okuda Gensō","Okuda Genso","第39便A案266名：一覧の from/to と完全一致"
"佐藤太清","名前(ローマ字)","Satō Taisei","Sato Taisei","第39便A案266名：一覧の from/to と完全一致"
"加藤栄三","名前(ローマ字)","Katō Eizō","Kato Eizo","第39便A案266名：一覧の from/to と完全一致"
"加藤東一","名前(ローマ字)","Katō Tōichi","Kato Toichi","第39便A案266名：一覧の from/to と完全一致"
"福王寺法林","名前(ローマ字)","Fukuōji Hōrin","Fukuoji Horin","第39便A案266名：一覧の from/to と完全一致"
"新海竹蔵","名前(ローマ字)","Shinkai Takezō","Shinkai Takezo","第39便A案266名：一覧の from/to と完全一致"
"三木宗策","名前(ローマ字)","Miki Sōsaku","Miki Sosaku","第39便A案266名：一覧の from/to と完全一致"
"雨田光平","名前(ローマ字)","Amada Kōhei","Amada Kohei","第39便A案266名：一覧の from/to と完全一致"
"日名子実三","名前(ローマ字)","Hinago Jitsuzō","Hinago Jitsuzo","第39便A案266名：一覧の from/to と完全一致"
"武石弘三郎","名前(ローマ字)","Takeishi Kōzaburō","Takeishi Kozaburo","第39便A案266名：一覧の from/to と完全一致"
"藤川勇造","名前(ローマ字)","Fujikawa Yūzō","Fujikawa Yuzo","第39便A案266名：一覧の from/to と完全一致"
"笹村草家人","名前(ローマ字)","Sasamura Sōkajin","Sasamura Sokajin","第39便A案266名：一覧の from/to と完全一致"
"吾妻兼治郎","名前(ローマ字)","Azuma Kenjirō","Azuma Kenjiro","第39便A案266名：一覧の from/to と完全一致"
"江口週","名前(ローマ字)","Eguchi Shū","Eguchi Shu","第39便A案266名：一覧の from/to と完全一致"
"伊東陶山","名前(ローマ字)","Itō Tōzan","Ito Tozan","第39便A案266名：一覧の from/to と完全一致"
"宇野宗甕","名前(ローマ字)","Uno Sōyō","Uno Soyo","第39便A案266名：一覧の from/to と完全一致"
"加藤唐九郎","名前(ローマ字)","Katō Tōkurō","Kato Tokuro","第39便A案266名：一覧の from/to と完全一致"
"河本五郎","名前(ローマ字)","Kawamoto Gorō","Kawamoto Goro","第39便A案266名：一覧の from/to と完全一致"
"北出塔次郎","名前(ローマ字)","Kitade Tōjirō","Kitade Tojiro","第39便A案266名：一覧の from/to と完全一致"
"山崎覚太郎","名前(ローマ字)","Yamazaki Kakutarō","Yamazaki Kakutaro","第39便A案266名：一覧の from/to と完全一致"
"飯塚小玕斎","名前(ローマ字)","Iizuka Shōkansai","Iizuka Shokansai","第39便A案266名：一覧の from/to と完全一致"
"大野昭和斎","名前(ローマ字)","Ōno Shōwasai","Ono Showasai","第39便A案266名：一覧の from/to と完全一致"
"大隅俊平","名前(ローマ字)","Ōsumi Toshihira","Osumi Toshihira","第39便A案266名：一覧の from/to と完全一致"
"横山松三郎","名前(ローマ字)","Yokoyama Matsusaburō","Yokoyama Matsusaburo","第39便A案266名：一覧の from/to と完全一致"
"福原路草","名前(ローマ字)","Fukuhara Rosō","Fukuhara Roso","第39便A案266名：一覧の from/to と完全一致"
"石津良介","名前(ローマ字)","Ishizu Ryōsuke","Ishizu Ryosuke","第39便A案266名：一覧の from/to と完全一致"
"影山光洋","名前(ローマ字)","Kageyama Kōyō","Kageyama Koyo","第39便A案266名：一覧の from/to と完全一致"
"清水武甲","名前(ローマ字)","Shimizu Bukō","Shimizu Buko","第39便A案266名：一覧の from/to と完全一致"
"大束元","名前(ローマ字)","Ōtsuka Gen","Otsuka Gen","第39便A案266名：一覧の from/to と完全一致"
"福島菊次郎","名前(ローマ字)","Fukushima Kikujirō","Fukushima Kikujiro","第39便A案266名：一覧の from/to と完全一致"
"師岡宏次","名前(ローマ字)","Morooka Kōji","Morooka Koji","第39便A案266名：一覧の from/to と完全一致"
"北代省三","名前(ローマ字)","Kitadai Shōzō","Kitadai Shozo","第39便A案266名：一覧の from/to と完全一致"
"駒井哲郎","名前(ローマ字)","Komai Tetsurō","Komai Tetsuro","第39便A案266名：一覧の from/to と完全一致"
"岡本信治郎","名前(ローマ字)","Okamoto Shinjirō","Okamoto Shinjiro","第39便A案266名：一覧の from/to と完全一致"
"利根山光人","名前(ローマ字)","Toneyama Kōjin","Toneyama Kojin","第39便A案266名：一覧の from/to と完全一致"
"斎藤真一","名前(ローマ字)","Saitō Shin'ichi","Saito Shinichi","復帰便5名：一覧の from/to と完全一致"
"田中信太郎","名前(ローマ字)","Tanaka Shintarō","Tanaka Shintaro","第39便A案266名：一覧の from/to と完全一致"
"井田照一","名前(ローマ字)","Ida Shōichi","Ida Shoichi","第39便A案266名：一覧の from/to と完全一致"
"西川春洞","名前(ローマ字)","Nishikawa Shundō","Nishikawa Shundo","第39便A案266名：一覧の from/to と完全一致"
"武田霞洞","名前(ローマ字)","Takeda Kadō","Takeda Kado","第39便A案266名：一覧の from/to と完全一致"
"渡辺沙鴎","名前(ローマ字)","Watanabe Saō","Watanabe Sao","第39便A案266名：一覧の from/to と完全一致"
"松井如流","名前(ローマ字)","Matsui Joryū","Matsui Joryu","第39便A案266名：一覧の from/to と完全一致"
"大澤竹胎","名前(ローマ字)","Ōsawa Chikutai","Osawa Chikutai","第39便A案266名：一覧の from/to と完全一致"
"中村素堂","名前(ローマ字)","Nakamura Sodō","Nakamura Sodo","第39便A案266名：一覧の from/to と完全一致"
"深山龍洞","名前(ローマ字)","Miyama Ryūdō","Miyama Ryudo","第39便A案266名：一覧の from/to と完全一致"
"比田井小琴","名前(ローマ字)","Hidai Shōkin","Hidai Shokin","第39便A案266名：一覧の from/to と完全一致"
"森田子龍","名前(ローマ字)","Morita Shiryū","Morita Shiryu","第39便A案266名：一覧の from/to と完全一致"
"篠田桃紅","名前(ローマ字)","Shinoda Tōkō","Shinoda Toko","第39便A案266名：一覧の from/to と完全一致"
"江口草玄","名前(ローマ字)","Eguchi Sōgen","Eguchi Sogen","第39便A案266名：一覧の from/to と完全一致"
"内藤ルネ","名前(ローマ字)","Naitō Rune","Naito Rune","第39便A案266名：一覧の from/to と完全一致"
"橋口五葉","名前(ローマ字)","Hashiguchi Goyō","Hashiguchi Goyo","第39便A案266名：一覧の from/to と完全一致"
"佐野繁次郎","名前(ローマ字)","Sano Shigejirō","Sano Shigejiro","第39便A案266名：一覧の from/to と完全一致"
"大智浩","名前(ローマ字)","Ōchi Hiroshi","Ochi Hiroshi","第39便A案266名：一覧の from/to と完全一致"
"伊東茂平","名前(ローマ字)","Itō Mohei","Ito Mohei","第39便A案266名：一覧の from/to と完全一致"
"小池岩太郎","名前(ローマ字)","Koike Iwatarō","Koike Iwataro","第39便A案266名：一覧の from/to と完全一致"
"伊東忠太","名前(ローマ字)","Itō Chūta","Ito Chuta","第39便A案266名：一覧の from/to と完全一致"
"片山東熊","名前(ローマ字)","Katayama Tōkuma","Katayama Tokuma","第39便A案266名：一覧の from/to と完全一致"
"丹下健三","名前(ローマ字)","Tange Kenzō","Tange Kenzo","第39便A案266名：一覧の from/to と完全一致"
"村野藤吾","名前(ローマ字)","Murano Tōgo","Murano Togo","第39便A案266名：一覧の from/to と完全一致"
"谷口吉郎","名前(ローマ字)","Taniguchi Yoshirō","Taniguchi Yoshiro","第39便A案266名：一覧の from/to と完全一致"
"荻須高徳","name_kana","おぎす たかのり","おぐいす たかのり","★A案変換に由来しない＝寄せていない"
"丹下健三","収蔵先・記念館","重要文化財指定建物3件（広島平和記念資料館本館・香川県庁舎東館・国立代々木競技場）。","文化庁国立近現代建築資料館","★A案変換に由来しない＝寄せていない"
"丹下健三","備考","［2026-08-07 公開文面から外した調査記録（作業メモ型の語の是正・司令塔決定）］【収蔵先・記念館】重要文化財指定建物3件（広島平和記念資料館本館・香川県庁舎東館・国立代々木競技場）。専用の記念館・アーカイブは未確認。 【所属団体】設","［2026-08-07 公開文面から外した調査記録（作業メモ型の語の是正・司令塔決定）］【収蔵先・記念館】重要文化財指定建物3件（広島平和記念資料館本館・香川県庁舎東館・国立代々木競技場）。専用の記念館・アーカイブは未確認。 【所属団体】設","★A案変換に由来しない＝寄せていない"
"槇文彦","収蔵先・記念館","槇文彦アーカイブ（慶應義塾大学湘南藤沢キャンパス）に資料が所蔵されている。","慶應義塾大学湘南藤沢キャンパス（槇文彦アーカイブ）","★A案変換に由来しない＝寄せていない"
"槇文彦","備考","［2026-08-07 公開文面から外した調査記録（作業メモ型の語の是正・司令塔決定）］【収蔵先・記念館】文化財指定は今回確認できず。槇文彦アーカイブ（慶應義塾大学湘南藤沢キャンパス）に資料が所蔵されている。","［2026-08-07 公開文面から外した調査記録（作業メモ型の語の是正・司令塔決定）］【収蔵先・記念館】文化財指定は今回確認できず。槇文彦アーカイブ（慶應義塾大学湘南藤沢キャンパス）に資料が所蔵されている。 / 【2026-08-09 リ","★A案変換に由来しない＝寄せていない"
"村野藤吾","収蔵先・記念館","重要文化財指定建物3件（指定年は代表作欄のとおり）。","京都工芸繊維大学美術工芸資料館","★A案変換に由来しない＝寄せていない"
"村野藤吾","備考","［2026-08-07 公開文面から外した調査記録（作業メモ型の語の是正・司令塔決定）］【収蔵先・記念館】重要文化財指定建物3件（指定年は代表作欄のとおり）。専用の記念館・アーカイブは未確認。 【所属団体】設計事務所：渡辺節建築事務所(19","［2026-08-07 公開文面から外した調査記録（作業メモ型の語の是正・司令塔決定）］【収蔵先・記念館】重要文化財指定建物3件（指定年は代表作欄のとおり）。専用の記念館・アーカイブは未確認。 【所属団体】設計事務所：渡辺節建築事務所(19","★A案変換に由来しない＝寄せていない"
"前川國男","収蔵先・記念館","国指定重要文化財1件（木村産業研究所）・国登録有形文化財1件（国際文化会館本館）・県指定重要文化財1件（神奈川県立図書館・音楽堂）。","文化庁国立近現代建築資料館","★A案変換に由来しない＝寄せていない"
"前川國男","備考","［2026-08-07 公開文面から外した調査記録（作業メモ型の語の是正・司令塔決定）］【収蔵先・記念館】国指定重要文化財1件（木村産業研究所）・国登録有形文化財1件（国際文化会館本館）・県指定重要文化財1件（神奈川県立図書館・音楽堂）。専","［2026-08-07 公開文面から外した調査記録（作業メモ型の語の是正・司令塔決定）］【収蔵先・記念館】国指定重要文化財1件（木村産業研究所）・国登録有形文化財1件（国際文化会館本館）・県指定重要文化財1件（神奈川県立図書館・音楽堂）。専","★A案変換に由来しない＝寄せていない"
