区分,小分類,handle,氏名(日本語),現行ローマ字,読み(かな),規則から作った形,判定の理由
規則どおり,,suzuki-chikako,鈴木 千賀子,Suzuki Chikako,すずき ちかこ,,符号つきで一致
要裁定,(a) 長音の書き方,kano-hogai,狩野 芳崖,Kano Hogai,かのう ほうがい,,長音を書かない形（規則の2つの書き方のどちらでもない）
要裁定,(a) 長音の書き方,hashimoto-gaho,橋本 雅邦,Hashimoto Gaho,はしもと がほう,,長音を書かない形（規則の2つの書き方のどちらでもない）
規則どおり,,tomioka-tessai,富岡 鉄斎,Tomioka Tessai,とみおか てっさい,,符号つきで一致
規則どおり,,yokoyama-taikan,横山 大観,Yokoyama Taikan,よこやま たいかん,,符号つきで一致
要裁定,(a) 長音の書き方,hishida-shunso,菱田 春草,Hishida Shunso,ひしだ しゅんそう,,長音を書かない形（規則の2つの書き方のどちらでもない）
規則どおり,,shimomura-kanzan,下村 観山,Shimomura Kanzan,しもむら かんざん,,符号つきで一致
要裁定,(a) 長音の書き方,saigo-kogetsu,西郷 孤月,Saigo Kogetsu,さいごう こげつ,,長音を書かない形（規則の2つの書き方のどちらでもない）
規則どおり,,kimura-buzan,木村 武山,Kimura Buzan,きむら ぶざん,,符号つきで一致
要裁定,(a) 長音の書き方,imamura-shiko,今村 紫紅,Imamura Shiko,いまむら しこう,,長音を書かない形（規則の2つの書き方のどちらでもない）
規則どおり,,omoda-seiju,小茂田 青樹,Omoda Seiju,おもだ せいじゅ,,符号つきで一致
規則どおり,,yasuda-yukihiko,安田 靫彦,Yasuda Yukihiko,やすだ ゆきひこ,,符号つきで一致
規則どおり,,maeda-seison,前田 青邨,Maeda Seison,まえだ せいそん,,符号つきで一致
規則どおり,,kobayashi-kokei,小林 古径,Kobayashi Kokei,こばやし こけい,,符号つきで一致
要裁定,(a) 長音の書き方,hayami-gyoshu,速水 御舟,Hayami Gyoshu,はやみ ぎょしゅう,,長音を書かない形（規則の2つの書き方のどちらでもない）
要裁定,(a) 長音の書き方,nakamura-gakuryo,中村 岳陵,Nakamura Gakuryo,なかむら がくりょう,,長音を書かない形（規則の2つの書き方のどちらでもない）
要裁定,(a) 長音の書き方,kawabata-ryushi,川端 龍子,Kawabata Ryushi,かわばた りゅうし,,長音を書かない形（規則の2つの書き方のどちらでもない）
規則どおり,,yokoyama-misao,横山 操,Yokoyama Misao,よこやま みさお,,符号つきで一致
要裁定,(a) 長音の書き方,takeuchi-seiho,竹内 栖鳳,Takeuchi Seiho,たけうち せいほう,,長音を書かない形（規則の2つの書き方のどちらでもない）
要裁定,(a) 長音の書き方,uemura-shoen,上村 松園,Uemura Shoen,うえむら しょうえん,,長音を書かない形（規則の2つの書き方のどちらでもない）
規則どおり,,kikuchi-keigetsu,菊池 契月,Kikuchi Keigetsu,きくち けいげつ,,符号つきで一致
要裁定,(a) 長音の書き方,nishiyama-suisho,西山 翠嶂,Nishiyama Suisho,にしやま すいしょう,,長音を書かない形（規則の2つの書き方のどちらでもない）
規則どおり,,tsuchida-bakusen,土田 麦僊,Tsuchida Bakusen,つちだ ばくせん,,符号つきで一致
規則どおり,,murakami-kagaku,村上 華岳,Murakami Kagaku,むらかみ かがく,,符号つきで一致
要裁定,(a) 長音の書き方,ono-chikkyo,小野 竹喬,Ono Chikkyo,おの ちっきょう,,長音を書かない形（規則の2つの書き方のどちらでもない）
要裁定,(a) 長音の書き方,irie-hako,入江 波光,Irie Hako,いりえ はこう,,長音を書かない形（規則の2つの書き方のどちらでもない）
要裁定,(a) 長音の書き方,sakakibara-shiho,榊原 紫峰,Sakakibara Shiho,さかきばら しほう,,長音を書かない形（規則の2つの書き方のどちらでもない）
要裁定,(a) 長音の書き方,domoto-insho,堂本 印象,Domoto Insho,どうもと いんしょう,,長音を書かない形（規則の2つの書き方のどちらでもない）
要裁定,(a) 長音の書き方,fukuda-heihachiro,福田 平八郎,Fukuda Heihachiro,ふくだ へいはちろう,,長音を書かない形（規則の2つの書き方のどちらでもない）
規則どおり,,tokuoka-shinsen,徳岡 神泉,Tokuoka Shinsen,とくおか しんせん,,符号つきで一致
要裁定,(a) 長音の書き方,yamaguchi-kayo,山口 華楊,Yamaguchi Kayo,やまぐち かよう,,長音を書かない形（規則の2つの書き方のどちらでもない）
規則どおり,,nishimura-goun,西村 五雲,Nishimura Goun,にしむら ごうん,,母音字を並べる形で一致／符号つきで一致
要裁定,(a) 長音の書き方,nakamura-daizaburo,中村 大三郎,Nakamura Daizaburo,なかむら だいざぶろう,,長音を書かない形（規則の2つの書き方のどちらでもない）
規則どおり,,hashimoto-kansetsu,橋本 関雪,Hashimoto Kansetsu,はしもと かんせつ,,符号つきで一致
規則どおり,,matsubayashi-keigetsu,松林 桂月,Matsubayashi Keigetsu,まつばやし けいげつ,,符号つきで一致
規則どおり,,kitano-tsunetomi,北野 恒富,Kitano Tsunetomi,きたの つねとみ,,符号つきで一致
規則どおり,,shima-seien,島 成園,Shima Seien,しま せいえん,,符号つきで一致
要裁定,(a) 長音の書き方,kainosho-tadaoto,甲斐荘 楠音,Kainosho Tadaoto,かいのしょう ただおと,,長音を書かない形（規則の2つの書き方のどちらでもない）
規則どおり,,kaburaki-kiyokata,鏑木 清方,Kaburaki Kiyokata,かぶらき きよかた,,符号つきで一致
要裁定,(a) 長音の書き方,ito-shinsui,伊東 深水,Ito Shinsui,いとう しんすい,,長音を書かない形（規則の2つの書き方のどちらでもない）
要裁定,(a) 長音の書き方,kawai-gyokudo,川合 玉堂,Kawai Gyokudo,かわい ぎょくどう,,長音を書かない形（規則の2つの書き方のどちらでもない）
定着表記の候補,,katayama-nampu,堅山 南風,Katayama Nampu,かたやま なんぷう,なんぷう→現行 Nampu ／規則の形 Nanpū・Nanpuu・Nanpu,不一致(撥音にm)（出典の確認が要る）
要裁定,(a) 長音の書き方,yamaguchi-hoshun,山口 蓬春,Yamaguchi Hoshun,やまぐち ほうしゅん,,長音を書かない形（規則の2つの書き方のどちらでもない）
要裁定,(a) 長音の書き方,gokura-senjin,郷倉 千靱,Gokura Senjin,ごうくら せんじん,,長音を書かない形（規則の2つの書き方のどちらでもない）
要裁定,(a) 長音の書き方,kawasaki-shoko,川崎 小虎,Kawasaki Shoko,かわさき しょうこ,,長音を書かない形（規則の2つの書き方のどちらでもない）
要裁定,(a) 長音の書き方,kodama-kibo,児玉 希望,Kodama Kibo,こだま きぼう,,長音を書かない形（規則の2つの書き方のどちらでもない）
要裁定,(a) 長音の書き方,yamamoto-kyujin,山本 丘人,Yamamoto Kyujin,やまもと きゅうじん,,長音を書かない形（規則の2つの書き方のどちらでもない）
要裁定,(a) 長音の書き方,fukuda-toyoshiro,福田 豊四郎,Fukuda Toyoshiro,ふくだ とよしろう,,長音を書かない形（規則の2つの書き方のどちらでもない）
規則どおり,,yoshioka-kenji,吉岡 堅二,Yoshioka Kenji,よしおか けんじ,,符号つきで一致
規則どおり,,sugiyama-yasushi,杉山 寧,Sugiyama Yasushi,すぎやま やすし,,符号つきで一致
規則どおり,,takayama-tatsuo,高山 辰雄,Takayama Tatsuo,たかやま たつお,,符号つきで一致
規則どおり,,higashiyama-kaii,東山 魁夷,Higashiyama Kaii,ひがしやま かいい,,符号つきで一致
規則どおり,,hashimoto-meiji,橋本 明治,Hashimoto Meiji,はしもと めいじ,,符号つきで一致
要裁定,(a) 長音の書き方,kayama-matazo,加山 又造,Kayama Matazo,かやま またぞう,,長音を書かない形（規則の2つの書き方のどちらでもない）
規則どおり,,hirayama-ikuo,平山 郁夫,Hirayama Ikuo,ひらやま いくお,,符号つきで一致
規則どおり,,moriya-tadashi,守屋 多々志,Moriya Tadashi,もりや ただし,,符号つきで一致
規則どおり,,kataoka-tamako,片岡 球子,Kataoka Tamako,かたおか たまこ,,符号つきで一致
規則どおり,,ogura-yuki,小倉 遊亀,Ogura Yuki,おぐら ゆき,,符号つきで一致
規則どおり,,akino-fuku,秋野 不矩,Akino Fuku,あきの ふく,,符号つきで一致
要裁定,(a) 長音の書き方,ikeda-yoson,池田 遙邨,Ikeda Yoson,いけだ ようそん,,長音を書かない形（規則の2つの書き方のどちらでもない）
規則どおり,,iwahashi-eien,岩橋 英遠,Iwahashi Eien,いわはし えいえん,,符号つきで一致
規則どおり,,tanaka-isson,田中 一村,Tanaka Isson,たなか いっそん,,符号つきで一致
要裁定,(a) 長音の書き方,uemura-shoko,上村 松篁,Uemura Shoko,うえむら しょうこう,,長音を書かない形（規則の2つの書き方のどちらでもない）
要裁定,(a) 長音の書き方,goto-sumio,後藤 純男,Goto Sumio,ごとう すみお,,長音を書かない形（規則の2つの書き方のどちらでもない）
規則どおり,,maruki-iri,丸木 位里,Maruki Iri,まるき いり,,符号つきで一致
規則どおり,,maruki-toshi,丸木 俊,Maruki Toshi,まるき とし,,符号つきで一致
規則どおり,,nakamura-masayoshi,中村 正義,Nakamura Masayoshi,なかむら まさよし,,符号つきで一致
規則どおり,,fusen-tetsu,不染 鉄,Fusen Tetsu,ふせん てつ,,符号つきで一致
規則どおり,,takahashi-yuichi,高橋 由一,Takahashi Yuichi,たかはし ゆいち,,符号つきで一致
規則どおり,,goseda-yoshimatsu,五姓田 義松,Goseda Yoshimatsu,ごせだ よしまつ,,符号つきで一致
要裁定,(a) 長音の書き方,asai-chu,浅井 忠,Asai Chu,あさい ちゅう,,長音を書かない形（規則の2つの書き方のどちらでもない）
要裁定,(a) 長音の書き方,yamamoto-hosui,山本 芳翠,Yamamoto Hosui,やまもと ほうすい,,長音を書かない形（規則の2つの書き方のどちらでもない）
要裁定,(a) 長音の書き方,harada-naojiro,原田 直次郎,Harada Naojiro,はらだ なおじろう,,長音を書かない形（規則の2つの書き方のどちらでもない）
規則どおり,,kuroda-seiki,黒田 清輝,Kuroda Seiki,くろだ せいき,,符号つきで一致
要裁定,(a) 長音の書き方,kume-keiichiro,久米 桂一郎,Kume Keiichiro,くめ けいいちろう,,長音を書かない形（規則の2つの書き方のどちらでもない）
規則どおり,,fujishima-takeji,藤島 武二,Fujishima Takeji,ふじしま たけじ,,符号つきで一致
要裁定,(a) 長音の書き方,okada-saburosuke,岡田 三郎助,Okada Saburosuke,おかだ さぶろうすけ,,長音を書かない形（規則の2つの書き方のどちらでもない）
規則どおり,,wada-eisaku,和田 英作,Wada Eisaku,わだ えいさく,,符号つきで一致
規則どおり,,aoki-shigeru,青木 繁,Aoki Shigeru,あおき しげる,,符号つきで一致
要裁定,(a) 長音の書き方,sakamoto-hanjiro,坂本 繁二郎,Sakamoto Hanjiro,さかもと はんじろう,,長音を書かない形（規則の2つの書き方のどちらでもない）
規則どおり,,nakamura-tsune,中村 彝,Nakamura Tsune,なかむら つね,,符号つきで一致
要裁定,(a) 長音の書き方,yorozu-tetsugoro,萬 鉄五郎,Yorozu Tetsugoro,よろず てつごろう,,長音を書かない形（規則の2つの書き方のどちらでもない）
要裁定,(a) 長音の書き方,kishida-ryusei,岸田 劉生,Kishida Ryusei,きしだ りゅうせい,,長音を書かない形（規則の2つの書き方のどちらでもない）
要裁定,(a) 長音の書き方,kimura-shohachi,木村 荘八,Kimura Shohachi,きむら しょうはち,,長音を書かない形（規則の2つの書き方のどちらでもない）
要裁定,(a) 長音の書き方,sekine-shoji,関根 正二,Sekine Shoji,せきね しょうじ,,長音を書かない形（規則の2つの書き方のどちらでもない）
規則どおり,,murayama-kaita,村山 槐多,Murayama Kaita,むらやま かいた,,符号つきで一致
規則どおり,,fujita-tsuguharu,藤田 嗣治,Fujita Tsuguharu,ふじた つぐはる,,符号つきで一致
要裁定,(a) 長音の書き方,saeki-yuzo,佐伯 祐三,Saeki Yuzo,さえき ゆうぞう,,長音を書かない形（規則の2つの書き方のどちらでもない）
規則どおり,,maeda-kanji,前田 寛治,Maeda Kanji,まえだ かんじ,,符号つきで一致
規則どおり,,koide-narashige,小出 楢重,Koide Narashige,こいで ならしげ,,符号つきで一致
要裁定,(a) 長音の書き方,yasui-sotaro,安井 曾太郎,Yasui Sotaro,やすい そうたろう,,長音を書かない形（規則の2つの書き方のどちらでもない）
要裁定,(a) 長音の書き方,umehara-ryuzaburo,梅原 龍三郎,Umehara Ryuzaburo,うめはら りゅうざぶろう,,長音を書かない形（規則の2つの書き方のどちらでもない）
要裁定,(a) 長音の書き方,suda-kunitaro,須田 国太郎,Suda Kunitaro,すだ くにたろう,,長音を書かない形（規則の2つの書き方のどちらでもない）
規則どおり,,kuniyoshi-yasuo,国吉 康雄,Kuniyoshi Yasuo,くによし やすお,,符号つきで一致
規則どおり,,koga-harue,古賀 春江,Koga Harue,こが はるえ,,符号つきで一致
要裁定,(a) 長音の書き方,migishi-kotaro,三岸 好太郎,Migishi Kotaro,みぎし こうたろう,,長音を書かない形（規則の2つの書き方のどちらでもない）
規則どおり,,migishi-setsuko,三岸 節子,Migishi Setsuko,みぎし せつこ,,符号つきで一致
規則どおり,,hayashi-takeshi,林 武,Hayashi Takeshi,はやし たけし,,符号つきで一致
規則どおり,,nakagawa-kazumasa,中川 一政,Nakagawa Kazumasa,なかがわ かずまさ,,符号つきで一致
要裁定,(a) 長音の書き方,chokai-seiji,鳥海 青児,Chokai Seiji,ちょうかい せいじ,,長音を書かない形（規則の2つの書き方のどちらでもない）
規則どおり,,ebihara-kinosuke,海老原 喜之助,Ebihara Kinosuke,えびはら きのすけ,,符号つきで一致
要裁定,(a) 長音の書き方,kojima-zenzaburo,児島 善三郎,Kojima Zenzaburo,こじま ぜんざぶろう,,長音を書かない形（規則の2つの書き方のどちらでもない）
要裁定,(a) 長音の書き方,fukuzawa-ichiro,福沢 一郎,Fukuzawa Ichiro,ふくざわ いちろう,,長音を書かない形（規則の2つの書き方のどちらでもない）
要裁定,(a) 長音の書き方,koiso-ryohei,小磯 良平,Koiso Ryohei,こいそ りょうへい,,長音を書かない形（規則の2つの書き方のどちらでもない）
要裁定,(b) 個別,inokuma-genichiro,猪熊 弦一郎,Inokuma Genichiro,いのくま げんいちろう,げんいちろう→現行 Genichiro ／規則の形 Gen'ichirō・Gen'ichirou・Gen'ichiro,不一致(読みと合わない)
規則どおり,,wakita-kazu,脇田 和,Wakita Kazu,わきた かず,,符号つきで一致
規則どおり,,yamaguchi-takeo,山口 長男,Yamaguchi Takeo,やまぐち たけお,,符号つきで一致
定着表記の候補,,oguiss-takanori,荻須 高徳,Oguiss Takanori,おぐいす たかのり,おぐいす→現行 Oguiss ／規則の形 Oguisu・Oguisu・Oguisu,不一致(英語風の綴り)（出典の確認が要る）
規則どおり,,kazuki-yasuo,香月 泰男,Kazuki Yasuo,かづき やすお,,符号つきで一致
規則どおり,,matsumoto-shunsuke,松本 竣介,Matsumoto Shunsuke,まつもと しゅんすけ,,符号つきで一致
規則どおり,,aimitsu,靉光,Aimitsu,あいみつ,,符号つきで一致
要裁定,(a) 長音の書き方,togo-seiji,東郷 青児,Togo Seiji,とうごう せいじ,,長音を書かない形（規則の2つの書き方のどちらでもない）
要裁定,(a) 長音の書き方,miyamoto-saburo,宮本 三郎,Miyamoto Saburo,みやもと さぶろう,,長音を書かない形（規則の2つの書き方のどちらでもない）
規則どおり,,tasaki-hirosuke,田崎 広助,Tasaki Hirosuke,たさき ひろすけ,,符号つきで一致
規則どおり,,ushijima-noriyuki,牛島 憲之,Ushijima Noriyuki,うしじま のりゆき,,符号つきで一致
要裁定,(a) 長音の書き方,koyama-keizo,小山 敬三,Koyama Keizo,こやま けいぞう,,長音を書かない形（規則の2つの書き方のどちらでもない）
規則どおり,,kumagai-morikazu,熊谷 守一,Kumagai Morikazu,くまがい もりかず,,符号つきで一致
規則どおり,,ishii-hakutei,石井 柏亭,Ishii Hakutei,いしい はくてい,,符号つきで一致
規則どおり,,arishima-ikuma,有島 生馬,Arishima Ikuma,ありしま いくま,,符号つきで一致
要裁定,(a) 長音の書き方,yamashita-shintaro,山下 新太郎,Yamashita Shintaro,やました しんたろう,,長音を書かない形（規則の2つの書き方のどちらでもない）
規則どおり,,shimizu-toshi,清水 登之,Shimizu Toshi,しみず とし,,符号つきで一致
要裁定,(a) 長音の書き方,takabatake-tatsushiro,高畠 達四郎,Takabatake Tatsushiro,たかばたけ たつしろう,,長音を書かない形（規則の2つの書き方のどちらでもない）
要裁定,(a) 長音の書き方,satomi-katsuzo,里見 勝蔵,Satomi Katsuzo,さとみ かつぞう,,長音を書かない形（規則の2つの書き方のどちらでもない）
規則どおり,,hayashi-shizue,林 倭衛,Hayashi Shizue,はやし しずえ,,符号つきで一致
規則どおり,,hazama-inosuke,硲 伊之助,Hazama Inosuke,はざま いのすけ,,符号つきで一致
規則どおり,,somiya-ichinen,曾宮 一念,Somiya Ichinen,そみや いちねん,,符号つきで一致
要裁定,(a) 長音の書き方,suzuki-shintaro,鈴木 信太郎,Suzuki Shintaro,すずき しんたろう,,長音を書かない形（規則の2つの書き方のどちらでもない）
要裁定,(a) 長音の書き方,terauchi-manjiro,寺内 萬治郎,Terauchi Manjiro,てらうち まんじろう,,長音を書かない形（規則の2つの書き方のどちらでもない）
要裁定,(b) 個別,nakamura-kenichi,中村 研一,Nakamura Kenichi,なかむら けんいち,けんいち→現行 Kenichi ／規則の形 Ken'ichi・Ken'ichi・Ken'ichi,不一致(読みと合わない)
規則どおり,,miyake-kokki,三宅 克己,Miyake Kokki,みやけ こっき,,符号つきで一致
要裁定,(a) 長音の書き方,oshita-tojiro,大下 藤次郎,Oshita Tojiro,おおした とうじろう,,長音を書かない形（規則の2つの書き方のどちらでもない）
規則どおり,,yoshida-hiroshi,吉田 博,Yoshida Hiroshi,よしだ ひろし,,符号つきで一致
規則どおり,,yamaguchi-kaoru,山口 薫,Yamaguchi Kaoru,やまぐち かおる,,符号つきで一致
規則どおり,,murai-masanari,村井 正誠,Murai Masanari,むらい まさなり,,符号つきで一致
定着表記の候補,,nambata-tatsuoki,難波田 龍起,Nambata Tatsuoki,なんばた たつおき,なんばた→現行 Nambata ／規則の形 Nanbata・Nanbata・Nanbata,不一致(撥音にm)（出典の確認が要る）
要裁定,(a) 長音の書き方,aso-saburo,麻生 三郎,Aso Saburo,あそう さぶろう,,長音を書かない形（規則の2つの書き方のどちらでもない）
規則どおり,,tsuruoka-masao,鶴岡 政男,Tsuruoka Masao,つるおか まさお,,符号つきで一致
要裁定,(a) 長音の書き方,inoue-chozaburo,井上 長三郎,Inoue Chozaburo,いのうえ ちょうざぶろう,,長音を書かない形（規則の2つの書き方のどちらでもない）
規則どおり,,yamashita-kikuji,山下 菊二,Yamashita Kikuji,やました きくじ,,符号つきで一致
規則どおり,,kamoi-rei,鴨居 玲,Kamoi Rei,かもい れい,,符号つきで一致
要裁定,(a) 長音の書き方,noguchi-yataro,野口 弥太郎,Noguchi Yataro,のぐち やたろう,,長音を書かない形（規則の2つの書き方のどちらでもない）
規則どおり,,kobayashi-wasaku,小林 和作,Kobayashi Wasaku,こばやし わさく,,符号つきで一致
規則どおり,,tanaka-yasushi,田中 保,Tanaka Yasushi,たなか やすし,,符号つきで一致
規則どおり,,nakamura-fusetsu,中村 不折,Nakamura Fusetsu,なかむら ふせつ,,符号つきで一致
規則どおり,,hidai-tenrai,比田井 天来,Hidai Tenrai,ひだい てんらい,,符号つきで一致
要裁定,(a) 長音の書き方,bundo-shunkai,豊道 春海,Bundo Shunkai,ぶんどう しゅんかい,,長音を書かない形（規則の2つの書き方のどちらでもない）
要裁定,(a) 長音の書き方,tsujimoto-shiyu,辻本 史邑,Tsujimoto Shiyu,つじもと しゆう,,長音を書かない形（規則の2つの書き方のどちらでもない）
規則どおり,,suzuki-suiken,鈴木 翠軒,Suzuki Suiken,すずき すいけん,,符号つきで一致
規則どおり,,nishikawa-yasushi,西川 寧,Nishikawa Yasushi,にしかわ やすし,,符号つきで一致
要裁定,(a) 長音の書き方,teshima-yukei,手島 右卿,Teshima Yukei,てしま ゆうけい,,長音を書かない形（規則の2つの書き方のどちらでもない）
要裁定,(a) 長音の書き方,hibino-goho,日比野 五鳳,Hibino Goho,ひびの ごほう,,長音を書かない形（規則の2つの書き方のどちらでもない）
規則どおり,,aoyama-san-u,青山 杉雨,Aoyama San'u,あおやま さんう,,符号つきで一致
要裁定,(a) 長音の書き方,ueda-sokyu,上田 桑鳩,Ueda Sokyu,うえだ そうきゅう,,長音を書かない形（規則の2つの書き方のどちらでもない）
要裁定,(a) 長音の書き方,kaneko-otei,金子 鷗亭,Kaneko Otei,かねこ おうてい,,長音を書かない形（規則の2つの書き方のどちらでもない）
要裁定,(a) 長音の書き方,ando-seiku,安東 聖空,Ando Seiku,あんどう せいくう,,長音を書かない形（規則の2つの書き方のどちらでもない）
要裁定,(a) 長音の書き方,matsumoto-hosui,松本 芳翠,Matsumoto Hosui,まつもと ほうすい,,長音を書かない形（規則の2つの書き方のどちらでもない）
要裁定,(a) 長音の書き方,kuwahara-suiho,桑原 翠邦,Kuwahara Suiho,くわはら すいほう,,長音を書かない形（規則の2つの書き方のどちらでもない）
規則どおり,,hidai-nankoku,比田井 南谷,Hidai Nankoku,ひだい なんこく,,符号つきで一致
規則どおり,,aizu-yaichi,会津 八一,Aizu Yaichi,あいづ やいち,,符号つきで一致
規則どおり,,kawamura-kizan,川村 驥山,Kawamura Kizan,かわむら きざん,,符号つきで一致
要裁定,(a) 長音の書き方,osawa-gakyu,大澤 雅休,Osawa Gakyu,おおさわ がきゅう,,長音を書かない形（規則の2つの書き方のどちらでもない）
要裁定,(b) 個別,uno-setsuson,宇野 雪村,Uno Setsuson,うの せっそん,せっそん→現行 Setsuson ／規則の形 Sesson・Sesson・Sesson,不一致(読みと合わない)
規則どおり,,sumiyama-nanboku,炭山 南木,Sumiyama Nanboku,すみやま なんぼく,,符号つきで一致
規則どおり,,tonomura-randen,殿村 藍田,Tonomura Randen,とのむら らんでん,,符号つきで一致
要裁定,(a) 長音の書き方,murakami-santo,村上 三島,Murakami Santo,むらかみ さんとう,,長音を書かない形（規則の2つの書き方のどちらでもない）
規則どおり,,kosaka-kiseki,小坂 奇石,Kosaka Kiseki,こさか きせき,,符号つきで一致
規則どおり,,hirotsu-unsen,廣津 雲仙,Hirotsu Unsen,ひろつ うんせん,,符号つきで一致
規則どおり,,kobayashi-toan,小林 斗盦,Kobayashi Toan,こばやし とあん,,符号つきで一致
規則どおり,,sugioka-kason,杉岡 華邨,Sugioka Kason,すぎおか かそん,,符号つきで一致
要裁定,(a) 長音の書き方,onoe-saishu,尾上 柴舟,Onoe Saishu,おのえ さいしゅう,,長音を書かない形（規則の2つの書き方のどちらでもない）
要裁定,(a) 長音の書き方,ono-gado,小野 鵞堂,Ono Gado,おの がどう,,長音を書かない形（規則の2つの書き方のどちらでもない）
規則どおり,,iijima-shunkei,飯島 春敬,Iijima Shunkei,いいじま しゅんけい,,符号つきで一致
規則どおり,,kumagai-tsuneko,熊谷 恒子,Kumagai Tsuneko,くまがい つねこ,,符号つきで一致
規則どおり,,kuwata-sasafune,桑田 笹舟,Kuwata Sasafune,くわた ささふね,,符号つきで一致
要裁定,(a) 長音の書き方,tanaka-kaido,田中 塊堂,Tanaka Kaido,たなか かいどう,,長音を書かない形（規則の2つの書き方のどちらでもない）
規則どおり,,nakabayashi-gochiku,中林 梧竹,Nakabayashi Gochiku,なかばやし ごちく,,符号つきで一致
規則どおり,,kusakabe-meikaku,日下部 鳴鶴,Kusakabe Meikaku,くさかべ めいかく,,符号つきで一致
規則どおり,,soejima-taneomi,副島 種臣,Soejima Taneomi,そえじま たねおみ,,符号つきで一致
要裁定,(a) 長音の書き方,yamaoka-tesshu,山岡 鉄舟,Yamaoka Tesshu,やまおか てっしゅう,,長音を書かない形（規則の2つの書き方のどちらでもない）
要裁定,(a) 長音の書き方,kitaoji-rosanjin,北大路 魯山人,Kitaoji Rosanjin,きたおおじ ろさんじん,,長音を書かない形（規則の2つの書き方のどちらでもない）
要裁定,(a) 長音の書き方,kamijo-shinzan,上條 信山,Kamijo Shinzan,かみじょう しんざん,,長音を書かない形（規則の2つの書き方のどちらでもない）
規則どおり,,sakaki-bakuzan,榊 莫山,Sakaki Bakuzan,さかき ばくざん,,符号つきで一致
要裁定,(a) 長音の書き方,imai-ryosetsu,今井 凌雪,Imai Ryosetsu,いまい りょうせつ,,長音を書かない形（規則の2つの書き方のどちらでもない）
要裁定,(a) 長音の書き方,inoue-yuichi,井上 有一,Inoue Yuichi,いのうえ ゆういち,,長音を書かない形（規則の2つの書き方のどちらでもない）
要裁定,(a) 長音の書き方,takamura-koun,高村 光雲,Takamura Koun,たかむら こううん,,長音を書かない形（規則の2つの書き方のどちらでもない）
要裁定,(a) 長音の書き方,takamura-kotaro,高村 光太郎,Takamura Kotaro,たかむら こうたろう,,長音を書かない形（規則の2つの書き方のどちらでもない）
規則どおり,,ogiwara-morie,荻原 守衛,Ogiwara Morie,おぎわら もりえ,,符号つきで一致
規則どおり,,asakura-fumio,朝倉 文夫,Asakura Fumio,あさくら ふみお,,符号つきで一致
要裁定,(a) 長音の書き方,kitamura-seibo,北村 西望,Kitamura Seibo,きたむら せいぼう,,長音を書かない形（規則の2つの書き方のどちらでもない）
要裁定,(a) 長音の書き方,hirakushi-denchu,平櫛 田中,Hirakushi Denchu,ひらくし でんちゅう,,長音を書かない形（規則の2つの書き方のどちらでもない）
定着表記の候補,,sato-gengyo,佐藤 玄々,Sato Gengyo,さとう げんげん,げんげん→現行 Gengyo ／規則の形 Gengen・Gengen・Gengen,不一致(別綴り)（出典の確認が要る）
規則どおり,,hashimoto-heihachi,橋本 平八,Hashimoto Heihachi,はしもと へいはち,,符号つきで一致
要裁定,(a) 長音の書き方,nakahara-teijiro,中原 悌二郎,Nakahara Teijiro,なかはら ていじろう,,長音を書かない形（規則の2つの書き方のどちらでもない）
規則どおり,,tobari-kogan,戸張 孤雁,Tobari Kogan,とばり こがん,,符号つきで一致
要裁定,(a) 長音の書き方,ishii-tsuruzo,石井 鶴三,Ishii Tsuruzo,いしい つるぞう,,長音を書かない形（規則の2つの書き方のどちらでもない）
要裁定,(a) 長音の書き方,shinkai-taketaro,新海 竹太郎,Shinkai Taketaro,しんかい たけたろう,,長音を書かない形（規則の2つの書き方のどちらでもない）
規則どおり,,yonehara-unkai,米原 雲海,Yonehara Unkai,よねはら うんかい,,符号つきで一致
要裁定,(a) 長音の書き方,yamazaki-choun,山崎 朝雲,Yamazaki Choun,やまざき ちょううん,,長音を書かない形（規則の2つの書き方のどちらでもない）
規則どおり,,tatehata-taimu,建畠 大夢,Tatehata Taimu,たてはた たいむ,,符号つきで一致
規則どおり,,kitamura-shikai,北村 四海,Kitamura Shikai,きたむら しかい,,符号つきで一致
要裁定,(a) 長音の書き方,naito-shin,内藤 伸,Naito Shin,ないとう しん,,長音を書かない形（規則の2つの書き方のどちらでもない）
要裁定,(a) 長音の書き方,yoshida-saburo,吉田 三郎,Yoshida Saburo,よしだ さぶろう,,長音を書かない形（規則の2つの書き方のどちらでもない）
要裁定,(a) 長音の書き方,kato-kensei,加藤 顕清,Kato Kensei,かとう けんせい,,長音を書かない形（規則の2つの書き方のどちらでもない）
規則どおり,,shimizu-takashi,清水 多嘉示,Shimizu Takashi,しみず たかし,,符号つきで一致
規則どおり,,kinouchi-yoshi,木内 克,Kinouchi Yoshi,きのうち よし,,母音字を並べる形で一致／符号つきで一致
要裁定,(a) 長音の書き方,sato-churyo,佐藤 忠良,Sato Churyo,さとう ちゅうりょう,,長音を書かない形（規則の2つの書き方のどちらでもない）
規則どおり,,funakoshi-yasutake,舟越 保武,Funakoshi Yasutake,ふなこし やすたけ,,符号つきで一致
規則どおり,,yanagihara-yoshitatsu,柳原 義達,Yanagihara Yoshitatsu,やなぎはら よしたつ,,符号つきで一致
要裁定,(a) 長音の書き方,hongo-shin,本郷 新,Hongo Shin,ほんごう しん,,長音を書かない形（規則の2つの書き方のどちらでもない）
要裁定,(a) 長音の書き方,sawada-seiko,澤田 政廣,Sawada Seiko,さわだ せいこう,,長音を書かない形（規則の2つの書き方のどちらでもない）
要裁定,(a) 長音の書き方,entsuba-katsuzo,圓鍔 勝三,Entsuba Katsuzo,えんつば かつぞう,,長音を書かない形（規則の2つの書き方のどちらでもない）
規則どおり,,tominaga-naoki,富永 直樹,Tominaga Naoki,とみなが なおき,,符号つきで一致
規則どおり,,yodoi-toshio,淀井 敏夫,Yodoi Toshio,よどい としお,,符号つきで一致
規則どおり,,kikuchi-kazuo,菊池 一雄,Kikuchi Kazuo,きくち かずお,,符号つきで一致
規則どおり,,takata-hiroatsu,高田 博厚,Takata Hiroatsu,たかた ひろあつ,,符号つきで一致
要裁定,(a) 長音の書き方,amemiya-jiro,雨宮 治郎,Amemiya Jiro,あめみや じろう,,長音を書かない形（規則の2つの書き方のどちらでもない）
規則どおり,,hori-shinji,堀 進二,Hori Shinji,ほり しんじ,,符号つきで一致
要裁定,(a) 長音の書き方,sakurai-yuichi,桜井 祐一,Sakurai Yuichi,さくらい ゆういち,,長音を書かない形（規則の2つの書き方のどちらでもない）
規則どおり,,yamamoto-toyoichi,山本 豊市,Yamamoto Toyoichi,やまもと とよいち,,符号つきで一致
規則どおり,,horiuchi-masakazu,堀内 正和,Horiuchi Masakazu,ほりうち まさかず,,符号つきで一致
要裁定,(a) 長音の書き方,mukai-ryokichi,向井 良吉,Mukai Ryokichi,むかい りょうきち,,長音を書かない形（規則の2つの書き方のどちらでもない）
規則どおり,,ueki-shigeru,植木 茂,Ueki Shigeru,うえき しげる,,符号つきで一致
規則どおり,,iida-yoshikuni,飯田 善國,Iida Yoshikuni,いいだ よしくに,,符号つきで一致
規則どおり,,wakabayashi-isamu,若林 奮,Wakabayashi Isamu,わかばやし いさむ,,符号つきで一致
規則どおり,,nagare-masayuki,流 政之,Nagare Masayuki,ながれ まさゆき,,符号つきで一致
規則どおり,,isamu-noguchi,イサム・ノグチ,Isamu Noguchi,いさむ のぐち,,符号つきで一致
規則どおり,,kinoshita-shigeru,木下 繁,Kinoshita Shigeru,きのした しげる,,符号つきで一致
規則どおり,,kasagi-sueo,笠置 季男,Kasagi Sueo,かさぎ すえお,,符号つきで一致
規則どおり,,wakebe-junji,分部 順治,Wakebe Junji,わけべ じゅんじ,,符号つきで一致
要裁定,(a) 長音の書き方,yasuda-ryumon,保田 龍門,Yasuda Ryumon,やすだ りゅうもん,,長音を書かない形（規則の2つの書き方のどちらでもない）
規則どおり,,itaya-hazan,板谷 波山,Itaya Hazan,いたや はざん,,符号つきで一致
要裁定,(a) 長音の書き方,miyagawa-kozan,宮川 香山,Miyagawa Kozan,みやがわ こうざん,,長音を書かない形（規則の2つの書き方のどちらでもない）
規則どおり,,tomimoto-kenkichi,富本 憲吉,Tomimoto Kenkichi,とみもと けんきち,,符号つきで一致
要裁定,(a) 長音の書き方,hamada-shoji,濱田 庄司,Hamada Shoji,はまだ しょうじ,,長音を書かない形（規則の2つの書き方のどちらでもない）
要裁定,(a) 長音の書き方,kawai-kanjiro,河井 寛次郎,Kawai Kanjiro,かわい かんじろう,,長音を書かない形（規則の2つの書き方のどちらでもない）
要裁定,(a) 長音の書き方,arakawa-toyozo,荒川 豊蔵,Arakawa Toyozo,あらかわ とよぞう,,長音を書かない形（規則の2つの書き方のどちらでもない）
要裁定,(a) 長音の書き方,kaneshige-toyo,金重 陶陽,Kaneshige Toyo,かねしげ とうよう,,長音を書かない形（規則の2つの書き方のどちらでもない）
規則どおり,,ishiguro-munemaro,石黒 宗麿,Ishiguro Munemaro,いしぐろ むねまろ,,符号つきで一致
要裁定,(a) 長音の書き方,kato-hajime,加藤 土師萌,Kato Hajime,かとう はじめ,,長音を書かない形（規則の2つの書き方のどちらでもない）
規則どおり,,kusube-yaichi,楠部 彌弌,Kusube Yaichi,くすべ やいち,,符号つきで一致
規則どおり,,kawakita-handeishi,川喜田 半泥子,Kawakita Handeishi,かわきた はんでいし,,符号つきで一致
要裁定,(a) 長音の書き方,miwa-kyuwa,三輪 休和,Miwa Kyuwa,みわ きゅうわ,,長音を書かない形（規則の2つの書き方のどちらでもない）
規則どおり,,miwa-jusetsu,三輪 壽雪,Miwa Jusetsu,みわ じゅせつ,,符号つきで一致
規則どおり,,nakazato-muan,中里 無庵,Nakazato Muan,なかざと むあん,,符号つきで一致
規則どおり,,fujiwara-kei,藤原 啓,Fujiwara Kei,ふじわら けい,,符号つきで一致
要裁定,(a) 長音の書き方,fujiwara-yu,藤原 雄,Fujiwara Yu,ふじわら ゆう,,長音を書かない形（規則の2つの書き方のどちらでもない）
要裁定,(a) 長音の書き方,yamamoto-toshu,山本 陶秀,Yamamoto Toshu,やまもと とうしゅう,,長音を書かない形（規則の2つの書き方のどちらでもない）
要裁定,(a) 長音の書き方,kondo-yuzo,近藤 悠三,Kondo Yuzo,こんどう ゆうぞう,,長音を書かない形（規則の2つの書き方のどちらでもない）
規則どおり,,shimizu-uichi,清水 卯一,Shimizu Uichi,しみず ういち,,符号つきで一致
要裁定,(a) 長音の書き方,kato-takuo,加藤 卓男,Kato Takuo,かとう たくお,,長音を書かない形（規則の2つの書き方のどちらでもない）
要裁定,(a) 長音の書き方,tamura-koichi,田村 耕一,Tamura Koichi,たむら こういち,,長音を書かない形（規則の2つの書き方のどちらでもない）
規則どおり,,tsukamoto-kaiji,塚本 快示,Tsukamoto Kaiji,つかもと かいじ,,符号つきで一致
要裁定,(a) 長音の書き方,matsui-kosei,松井 康成,Matsui Kosei,まつい こうせい,,長音を書かない形（規則の2つの書き方のどちらでもない）
規則どおり,,fujimoto-yoshimichi,藤本 能道,Fujimoto Yoshimichi,ふじもと よしみち,,符号つきで一致
要裁定,(a) 長音の書き方,shimaoka-tatsuzo,島岡 達三,Shimaoka Tatsuzo,しまおか たつぞう,,長音を書かない形（規則の2つの書き方のどちらでもない）
要裁定,(a) 長音の書き方,kato-kozo,加藤 孝造,Kato Kozo,かとう こうぞう,,長音を書かない形（規則の2つの書き方のどちらでもない）
要裁定,(a) 長音の書き方,kamoda-shoji,加守田 章二,Kamoda Shoji,かもだ しょうじ,,長音を書かない形（規則の2つの書き方のどちらでもない）
規則どおり,,yagi-kazuo,八木 一夫,Yagi Kazuo,やぎ かずお,,符号つきで一致
規則どおり,,suzuki-osamu,鈴木 治,Suzuki Osamu,すずき おさむ,,符号つきで一致
規則どおり,,serizawa-keisuke,芹沢 銈介,Serizawa Keisuke,せりざわ けいすけ,,符号つきで一致
要裁定,(a) 長音の書き方,inagaki-toshijiro,稲垣 稔次郎,Inagaki Toshijiro,いながき としじろう,,長音を書かない形（規則の2つの書き方のどちらでもない）
規則どおり,,kimura-uzan,木村 雨山,Kimura Uzan,きむら うざん,,符号つきで一致
規則どおり,,ueno-tameji,上野 為二,Ueno Tameji,うえの ためじ,,符号つきで一致
要裁定,(a) 長音の書き方,moriguchi-kako,森口 華弘,Moriguchi Kako,もりぐち かこう,,長音を書かない形（規則の2つの書き方のどちらでもない）
要裁定,(a) 長音の書き方,komiya-kosuke,小宮 康助,Komiya Kosuke,こみや こうすけ,,長音を書かない形（規則の2つの書き方のどちらでもない）
規則どおり,,komiya-yasutaka,小宮 康孝,Komiya Yasutaka,こみや やすたか,,符号つきで一致
要裁定,(a) 長音の書き方,munehiro-rikizo,宗廣 力三,Munehiro Rikizo,むねひろ りきぞう,,長音を書かない形（規則の2つの書き方のどちらでもない）
要裁定,(a) 長音の書き方,kamakura-yoshitaro,鎌倉 芳太郎,Kamakura Yoshitaro,かまくら よしたろう,,長音を書かない形（規則の2つの書き方のどちらでもない）
要裁定,(a) 長音の書き方,tatsumura-heizo,龍村 平蔵,Tatsumura Heizo,たつむら へいぞう,,長音を書かない形（規則の2つの書き方のどちらでもない）
規則どおり,,matsuda-gonroku,松田 権六,Matsuda Gonroku,まつだ ごんろく,,符号つきで一致
要裁定,(a) 長音の書き方,takano-shozan,高野 松山,Takano Shozan,たかの しょうざん,,長音を書かない形（規則の2つの書き方のどちらでもない）
要裁定,(a) 長音の書き方,otomaru-kodo,音丸 耕堂,Otomaru Kodo,おとまる こうどう,,長音を書かない形（規則の2つの書き方のどちらでもない）
要裁定,(a) 長音の書き方,akaji-yusai,赤地 友哉,Akaji Yusai,あかじ ゆうさい,,長音を書かない形（規則の2つの書き方のどちらでもない）
規則どおり,,masumura-mashiki,増村 益城,Masumura Mashiki,ますむら ましき,,符号つきで一致
規則どおり,,terai-naoji,寺井 直次,Terai Naoji,てらい なおじ,,符号つきで一致
規則どおり,,taguchi-yoshikuni,田口 善国,Taguchi Yoshikuni,たぐち よしくに,,符号つきで一致
要裁定,(a) 長音の書き方,oba-shogyo,大場 松魚,Oba Shogyo,おおば しょうぎょ,,長音を書かない形（規則の2つの書き方のどちらでもない）
要裁定,(b) 個別,shioda-keishiro,塩多 慶四郎,Shioda Keishiro,しおた けいしろう,しおた→現行 Shioda ／規則の形 Shiota・Shiota・Shiota,不一致(読みと合わない)
規則どおり,,kuroda-tatsuaki,黒田 辰秋,Kuroda Tatsuaki,くろだ たつあき,,符号つきで一致
要裁定,(a) 長音の書き方,himi-kodo,氷見 晃堂,Himi Kodo,ひみ こうどう,,長音を書かない形（規則の2つの書き方のどちらでもない）
規則どおり,,katori-hotsuma,香取 秀真,Katori Hotsuma,かとり ほつま,,符号つきで一致
規則どおり,,takamura-toyochika,高村 豊周,Takamura Toyochika,たかむら とよちか,,符号つきで一致
要裁定,(a) 長音の書き方,sasaki-shodo,佐々木 象堂,Sasaki Shodo,ささき しょうどう,,長音を書かない形（規則の2つの書き方のどちらでもない）
規則どおり,,unno-kiyoshi,海野 清,Unno Kiyoshi,うんの きよし,,符号つきで一致
要裁定,(a) 長音の書き方,naito-shiro,内藤 四郎,Naito Shiro,ないとう しろう,,長音を書かない形（規則の2つの書き方のどちらでもない）
規則どおり,,kashima-ikkoku,鹿島 一谷,Kashima Ikkoku,かしま いっこく,,符号つきで一致
要裁定,(a) 長音の書き方,sekiya-shiro,関谷 四郎,Sekiya Shiro,せきや しろう,,長音を書かない形（規則の2つの書き方のどちらでもない）
要裁定,(a) 長音の書き方,hasuda-shugoro,蓮田 修吾郎,Hasuda Shugoro,はすだ しゅうごろう,,長音を書かない形（規則の2つの書き方のどちらでもない）
要裁定,(a) 長音の書き方,chosa-yoshiyuki,帖佐 美行,Chosa Yoshiyuki,ちょうさ よしゆき,,長音を書かない形（規則の2つの書き方のどちらでもない）
要裁定,(a) 長音の書き方,shono-shounsai,生野 祥雲斎,Shono Shounsai,しょうの しょううんさい,,長音を書かない形（規則の2つの書き方のどちらでもない）
要裁定,(a) 長音の書き方,iizuka-rokansai,飯塚 琅玕斎,Iizuka Rokansai,いいづか ろうかんさい,,長音を書かない形（規則の2つの書き方のどちらでもない）
要裁定,(a) 長音の書き方,hirata-goyo,平田 郷陽,Hirata Goyo,ひらた ごうよう,,長音を書かない形（規則の2つの書き方のどちらでもない）
要裁定,(a) 長音の書き方,hori-ryujo,堀 柳女,Hori Ryujo,ほり りゅうじょ,,長音を書かない形（規則の2つの書き方のどちらでもない）
要裁定,(a) 長音の書き方,kagoshima-juzo,鹿児島 寿蔵,Kagoshima Juzo,かごしま じゅぞう,,長音を書かない形（規則の2つの書き方のどちらでもない）
要裁定,(a) 長音の書き方,kagami-kozo,各務 鑛三,Kagami Kozo,かがみ こうぞう,,長音を書かない形（規則の2つの書き方のどちらでもない）
要裁定,(a) 長音の書き方,iwata-toshichi,岩田 藤七,Iwata Toshichi,いわた とうしち,,長音を書かない形（規則の2つの書き方のどちらでもない）
要裁定,(a) 長音の書き方,fujita-kyohei,藤田 喬平,Fujita Kyohei,ふじた きょうへい,,長音を書かない形（規則の2つの書き方のどちらでもない）
規則どおり,,namikawa-yasuyuki,並河 靖之,Namikawa Yasuyuki,なみかわ やすゆき,,符号つきで一致
要裁定,(a) 長音の書き方,namikawa-sosuke,濤川 惣助,Namikawa Sosuke,なみかわ そうすけ,,長音を書かない形（規則の2つの書き方のどちらでもない）
規則どおり,,takahashi-sadatsugu,高橋 貞次,Takahashi Sadatsugu,たかはし さだつぐ,,符号つきで一致
規則どおり,,miyairi-yukihira,宮入 行平,Miyairi Yukihira,みやいり ゆきひら,,符号つきで一致
規則どおり,,sumitani-masamine,隅谷 正峯,Sumitani Masamine,すみたに まさみね,,符号つきで一致
規則どおり,,ueno-hikoma,上野 彦馬,Ueno Hikoma,うえの ひこま,,符号つきで一致
要裁定,(a) 長音の書き方,shimooka-renjo,下岡 蓮杖,Shimooka Renjo,しもおか れんじょう,,長音を書かない形（規則の2つの書き方のどちらでもない）
要裁定,(a) 長音の書き方,tamoto-kenzo,田本 研造,Tamoto Kenzo,たもと けんぞう,,長音を書かない形（規則の2つの書き方のどちらでもない）
規則どおり,,ogawa-kazumasa,小川 一真,Ogawa Kazumasa,おがわ かずまさ,,符号つきで一致
規則どおり,,uchida-kuichi,内田 九一,Uchida Kuichi,うちだ くいち,,符号つきで一致
規則どおり,,tomishige-rihei,富重 利平,Tomishige Rihei,とみしげ りへい,,符号つきで一致
定着表記の候補,,kusakabe-kimbei,日下部 金兵衛,Kusakabe Kimbei,くさかべ きんべえ,きんべえ→現行 Kimbei ／規則の形 Kinbē・Kinbee・Kinbe,不一致(撥音にm)（出典の確認が要る）
要裁定,(a) 長音の書き方,fukuhara-shinzo,福原 信三,Fukuhara Shinzo,ふくはら しんぞう,,長音を書かない形（規則の2つの書き方のどちらでもない）
要裁定,(a) 長音の書き方,nojima-yasuzo,野島 康三,Nojima Yasuzo,のじま やすぞう,,長音を書かない形（規則の2つの書き方のどちらでもない）
規則どおり,,nakayama-iwata,中山 岩太,Nakayama Iwata,なかやま いわた,,符号つきで一致
規則どおり,,yasui-nakaji,安井 仲治,Yasui Nakaji,やすい なかじ,,符号つきで一致
規則どおり,,koishi-kiyoshi,小石 清,Koishi Kiyoshi,こいし きよし,,符号つきで一致
規則どおり,,horino-masao,堀野 正雄,Horino Masao,ほりの まさお,,符号つきで一致
要裁定,(b) 個別,kimura-ihei,木村 伊兵衛,Kimura Ihei,きむら いへえ,いへえ→現行 Ihei ／規則の形 Ihē・Ihee・Ihe,不一致(読みと合わない)
規則どおり,,domon-ken,土門 拳,Domon Ken,どもん けん,,符号つきで一致
要裁定,(a) 長音の書き方,natori-yonosuke,名取 洋之助,Natori Yonosuke,なとり ようのすけ,,長音を書かない形（規則の2つの書き方のどちらでもない）
規則どおり,,watanabe-yoshio,渡辺 義雄,Watanabe Yoshio,わたなべ よしお,,符号つきで一致
規則どおり,,hamaya-hiroshi,濱谷 浩,Hamaya Hiroshi,はまや ひろし,,符号つきで一致
規則どおり,,hayashi-tadahiko,林 忠彦,Hayashi Tadahiko,はやし ただひこ,,符号つきで一致
要裁定,(a) 長音の書き方,ueda-shoji,植田 正治,Ueda Shoji,うえだ しょうじ,,長音を書かない形（規則の2つの書き方のどちらでもない）
規則どおり,,irie-taikichi,入江 泰吉,Irie Taikichi,いりえ たいきち,,符号つきで一致
規則どおり,,kuwabara-kineo,桑原 甲子雄,Kuwabara Kineo,くわばら きねお,,符号つきで一致
要裁定,(a) 長音の書き方,otsuji-kiyoji,大辻 清司,Otsuji Kiyoji,おおつじ きよじ,,長音を書かない形（規則の2つの書き方のどちらでもない）
要裁定,(a) 長音の書き方,tomatsu-shomei,東松 照明,Tomatsu Shomei,とうまつ しょうめい,,長音を書かない形（規則の2つの書き方のどちらでもない）
要裁定,(a) 長音の書き方,narahara-ikko,奈良原 一高,Narahara Ikko,ならはら いっこう,,長音を書かない形（規則の2つの書き方のどちらでもない）
規則どおり,,nakahira-takuma,中平 卓馬,Nakahira Takuma,なかひら たくま,,符号つきで一致
規則どおり,,fukase-masahisa,深瀬 昌久,Fukase Masahisa,ふかせ まさひさ,,符号つきで一致
規則どおり,,ishimoto-yasuhiro,石元 泰博,Ishimoto Yasuhiro,いしもと やすひろ,,符号つきで一致
規則どおり,,tabuchi-yukio,田淵 行男,Tabuchi Yukio,たぶち ゆきお,,符号つきで一致
要裁定,(a) 長音の書き方,maeda-shinzo,前田 真三,Maeda Shinzo,まえだ しんぞう,,長音を書かない形（規則の2つの書き方のどちらでもない）
要裁定,(a) 長音の書き方,akiyama-shotaro,秋山 庄太郎,Akiyama Shotaro,あきやま しょうたろう,,長音を書かない形（規則の2つの書き方のどちらでもない）
規則どおり,,miki-jun,三木 淳,Miki Jun,みき じゅん,,符号つきで一致
規則どおり,,nagano-shigeichi,長野 重一,Nagano Shigeichi,ながの しげいち,,符号つきで一致
規則どおり,,tanuma-takeyoshi,田沼 武能,Tanuma Takeyoshi,たぬま たけよし,,符号つきで一致
要裁定,(a) 長音の書き方,yamahata-yosuke,山端 庸介,Yamahata Yosuke,やまはた ようすけ,,長音を書かない形（規則の2つの書き方のどちらでもない）
要裁定,(a) 長音の書き方,sawada-kyoichi,沢田 教一,Sawada Kyoichi,さわだ きょういち,,長音を書かない形（規則の2つの書き方のどちらでもない）
要裁定,(a) 長音の書き方,gocho-shigeo,牛腸 茂雄,Gocho Shigeo,ごちょう しげお,,長音を書かない形（規則の2つの書き方のどちらでもない）
定着表記の候補,,hosoe-eikoh,細江 英公,Hosoe Eikoh,ほそえ えいこう,えいこう→現行 Eikoh ／規則の形 Eikō・Eikou・Eiko,不一致(オ列長音にh/英語風の綴り)（出典の確認が要る）
規則どおり,,shinoyama-kishin,篠山 紀信,Shinoyama Kishin,しのやま きしん,,符号つきで一致
要裁定,(a) 長音の書き方,otake-shoji,大竹 省二,Otake Shoji,おおたけ しょうじ,,長音を書かない形（規則の2つの書き方のどちらでもない）
規則どおり,,haga-hideo,芳賀 日出男,Haga Hideo,はが ひでお,,符号つきで一致
要裁定,(b) 個別,taira-koichi,平良 孝七,Taira Koichi,たいら こうしち,こうしち→現行 Koichi ／規則の形 Kōshichi・Koushichi・Koshichi,不一致(読みと合わない)
規則どおり,,suda-issei,須田 一政,Suda Issei,すだ いっせい,,符号つきで一致
規則どおり,,kurata-seiji,倉田 精二,Kurata Seiji,くらた せいじ,,符号つきで一致
規則どおり,,yamazawa-eiko,山沢 栄子,Yamazawa Eiko,やまざわ えいこ,,符号つきで一致
規則どおり,,tokiwa-toyoko,常盤 とよ子,Tokiwa Toyoko,ときわ とよこ,,符号つきで一致
要裁定,(a) 長音の書き方,ichinose-taizo,一ノ瀬 泰造,Ichinose Taizo,いちのせ たいぞう,,長音を書かない形（規則の2つの書き方のどちらでもない）
規則どおり,,hoshino-michio,星野 道夫,Hoshino Michio,ほしの みちお,,符号つきで一致
規則どおり,,futagawa-yukio,二川 幸夫,Futagawa Yukio,ふたがわ ゆきお,,符号つきで一致
要裁定,(a) 長音の書き方,fuchikami-hakuyo,淵上 白陽,Fuchikami Hakuyo,ふちかみ はくよう,,長音を書かない形（規則の2つの書き方のどちらでもない）
要裁定,(a) 長音の書き方,hidaka-chotaro,日高 長太郎,Hidaka Chotaro,ひだか ちょうたろう,,長音を書かない形（規則の2つの書き方のどちらでもない）
規則どおり,,sugiura-hisui,杉浦 非水,Sugiura Hisui,すぎうら ひすい,,符号つきで一致
規則どおり,,yamana-ayao,山名 文夫,Yamana Ayao,やまな あやお,,符号つきで一致
規則どおり,,hara-hiromu,原 弘,Hara Hiromu,はら ひろむ,,符号つきで一致
要裁定,(a) 長音の書き方,kono-takashi,河野 鷹思,Kono Takashi,こうの たかし,,長音を書かない形（規則の2つの書き方のどちらでもない）
要裁定,(a) 長音の書き方,kamekura-yusaku,亀倉 雄策,Kamekura Yusaku,かめくら ゆうさく,,長音を書かない形（規則の2つの書き方のどちらでもない）
要裁定,(a) 長音の書き方,tanaka-ikko,田中 一光,Tanaka Ikko,たなか いっこう,,長音を書かない形（規則の2つの書き方のどちらでもない）
規則どおり,,hayakawa-yoshio,早川 良雄,Hayakawa Yoshio,はやかわ よしお,,符号つきで一致
規則どおり,,fukuda-shigeo,福田 繁雄,Fukuda Shigeo,ふくだ しげお,,符号つきで一致
規則どおり,,awazu-kiyoshi,粟津 潔,Awazu Kiyoshi,あわづ きよし,,符号つきで一致
規則どおり,,katsui-mitsuo,勝井 三雄,Katsui Mitsuo,かつい みつお,,符号つきで一致
要裁定,(a) 長音の書き方,yamashiro-ryuichi,山城 隆一,Yamashiro Ryuichi,やましろ りゅういち,,長音を書かない形（規則の2つの書き方のどちらでもない）
要裁定,(a) 長音の書き方,nakajo-masayoshi,仲條 正義,Nakajo Masayoshi,なかじょう まさよし,,長音を書かない形（規則の2つの書き方のどちらでもない）
規則どおり,,ishioka-eiko,石岡 瑛子,Ishioka Eiko,いしおか えいこ,,符号つきで一致
規則どおり,,manabe-hiroshi,真鍋 博,Manabe Hiroshi,まなべ ひろし,,符号つきで一致
規則どおり,,kimura-tsunehisa,木村 恒久,Kimura Tsunehisa,きむら つねひさ,,符号つきで一致
規則どおり,,hanamori-yasuji,花森 安治,Hanamori Yasuji,はなもり やすじ,,符号つきで一致
要裁定,(a) 長音の書き方,imatake-shichiro,今竹 七郎,Imatake Shichiro,いまたけ しちろう,,長音を書かない形（規則の2つの書き方のどちらでもない）
要裁定,(a) 長音の書き方,ohashi-tadashi,大橋 正,Ohashi Tadashi,おおはし ただし,,長音を書かない形（規則の2つの書き方のどちらでもない）
規則どおり,,kenmochi-isamu,剣持 勇,Kenmochi Isamu,けんもち いさむ,,符号つきで一致
要裁定,(a) 長音の書き方,yanagi-sori,柳 宗理,Yanagi Sori,やなぎ そうり,,長音を書かない形（規則の2つの書き方のどちらでもない）
規則どおり,,watanabe-riki,渡辺 力,Watanabe Riki,わたなべ りき,,符号つきで一致
規則どおり,,akioka-yoshio,秋岡 芳夫,Akioka Yoshio,あきおか よしお,,符号つきで一致
規則どおり,,ekuan-kenji,榮久庵 憲司,Ekuan Kenji,えくあん けんじ,,符号つきで一致
規則どおり,,mori-masahiro,森 正洋,Mori Masahiro,もり まさひろ,,符号つきで一致
要裁定,(a) 長音の書き方,kuramata-shiro,倉俣 史朗,Kuramata Shiro,くらまた しろう,,長音を書かない形（規則の2つの書き方のどちらでもない）
規則どおり,,toyoguchi-katsuhei,豊口 克平,Toyoguchi Katsuhei,とよぐち かつへい,,符号つきで一致
要裁定,(a) 長音の書き方,cho-daisaku,長 大作,Cho Daisaku,ちょう だいさく,,長音を書かない形（規則の2つの書き方のどちらでもない）
規則どおり,,uchida-shigeru,内田 繁,Uchida Shigeru,うちだ しげる,,符号つきで一致
規則どおり,,sugimoto-takashi,杉本 貴志,Sugimoto Takashi,すぎもと たかし,,符号つきで一致
規則どおり,,mori-hanae,森 英恵,Mori Hanae,もり はなえ,,符号つきで一致
要裁定,(a) 長音の書き方,takada-kenzo,高田 賢三,Takada Kenzo,たかだ けんぞう,,長音を書かない形（規則の2つの書き方のどちらでもない）
定着表記の候補,,miyake-issey,三宅 一生,Miyake Issey,みやけ いっせい,いっせい→現行 Issey ／規則の形 Issei・Issei・Issei,不一致(英語風の綴り)（出典の確認が要る）
規則どおり,,yamamoto-kansai,山本 寛斎,Yamamoto Kansai,やまもと かんさい,,符号つきで一致
規則どおり,,ashida-jun,芦田 淳,Ashida Jun,あしだ じゅん,,符号つきで一致
規則どおり,,katsura-yumi,桂 由美,Katsura Yumi,かつら ゆみ,,符号つきで一致
規則どおり,,koshino-ayako,小篠 綾子,Koshino Ayako,こしの あやこ,,符号つきで一致
要裁定,(a) 長音の書き方,yunoki-samiro,柚木 沙弥郎,Yunoki Samiro,ゆのき さみろう,,長音を書かない形（規則の2つの書き方のどちらでもない）
要裁定,(b) 個別,nakahara-junichi,中原 淳一,Nakahara Junichi,なかはら じゅんいち,じゅんいち→現行 Junichi ／規則の形 Jun'ichi・Jun'ichi・Jun'ichi,不一致(読みと合わない)
要裁定,(a) 長音の書き方,kuwasawa-yoko,桑沢 洋子,Kuwasawa Yoko,くわさわ ようこ,,長音を書かない形（規則の2つの書き方のどちらでもない）
規則どおり,,tanaka-chiyo,田中 千代,Tanaka Chiyo,たなか ちよ,,符号つきで一致
要裁定,(a) 長音の書き方,taro-okamoto,岡本 太郎,Okamoto Taro,おかもと たろう,,長音を書かない形（規則の2つの書き方のどちらでもない）
要裁定,(a) 長音の書き方,jiro-yoshihara,吉原 治良,Yoshihara Jiro,よしはら じろう,,長音を書かない形（規則の2つの書き方のどちらでもない）
規則どおり,,kazuo-shiraga,白髪 一雄,Shiraga Kazuo,しらが かずお,,符号つきで一致
要裁定,(a) 長音の書き方,shozo-shimamoto,嶋本 昭三,Shimamoto Shozo,しまもと しょうぞう,,長音を書かない形（規則の2つの書き方のどちらでもない）
規則どおり,,atsuko-tanaka,田中 敦子,Tanaka Atsuko,たなか あつこ,,符号つきで一致
規則どおり,,sadamasa-motonaga,元永 定正,Motonaga Sadamasa,もとなが さだまさ,,符号つきで一致
要裁定,(a) 長音の書き方,saburo-murakami,村上 三郎,Murakami Saburo,むらかみ さぶろう,,長音を書かない形（規則の2つの書き方のどちらでもない）
規則どおり,,akira-kanayama,金山 明,Kanayama Akira,かなやま あきら,,符号つきで一致
規則どおり,,tsuruko-yamazaki,山崎 つる子,Yamazaki Tsuruko,やまざき つるこ,,符号つきで一致
規則どおり,,sadaharu-horio,堀尾 貞治,Horio Sadaharu,ほりお さだはる,,符号つきで一致
要裁定,(a) 長音の書き方,yozo-ukita,浮田 要三,Ukita Yozo,うきた ようぞう,,長音を書かない形（規則の2つの書き方のどちらでもない）
要裁定,(a) 長音の書き方,chiyu-uemae,上前 智祐,Uemae Chiyu,うえまえ ちゆう,,長音を書かない形（規則の2つの書き方のどちらでもない）
規則どおり,,yoshida-toshio,吉田 稔郎,Yoshida Toshio,よしだ としお,,符号つきで一致
要裁定,(a) 長音の書き方,jiro-takamatsu,高松 次郎,Takamatsu Jiro,たかまつ じろう,,長音を書かない形（規則の2つの書き方のどちらでもない）
規則どおり,,natsuyuki-nakanishi,中西 夏之,Nakanishi Natsuyuki,なかにし なつゆき,,符号つきで一致
規則どおり,,genpei-akasegawa,赤瀬川 原平,Akasegawa Genpei,あかせがわ げんぺい,,符号つきで一致
要裁定,(a) 長音の書き方,tetsumi-kudo,工藤 哲巳,Kudo Tetsumi,くどう てつみ,,長音を書かない形（規則の2つの書き方のどちらでもない）
規則どおり,,on-kawara,河原 温,Kawara On,かわら おん,,符号つきで一致
要裁定,(a) 長音の書き方,yoshishige-saito,斎藤 義重,Saito Yoshishige,さいとう よししげ,,長音を書かない形（規則の2つの書き方のどちらでもない）
規則どおり,,katsuhiro-yamaguchi,山口 勝弘,Yamaguchi Katsuhiro,やまぐち かつひろ,,符号つきで一致
規則どおり,,nobuo-sekine,関根 伸夫,Sekine Nobuo,せきね のぶお,,符号つきで一致
要裁定,(a) 長音の書き方,katsuro-yoshida,吉田 克朗,Yoshida Katsuro,よしだ かつろう,,長音を書かない形（規則の2つの書き方のどちらでもない）
規則どおり,,katsuhiko-narita,成田 克彦,Narita Katsuhiko,なりた かつひこ,,符号つきで一致
要裁定,(a) 長音の書き方,koji-enokura,榎倉 康二,Enokura Koji,えのくら こうじ,,長音を書かない形（規則の2つの書き方のどちらでもない）
規則どおり,,noriyuki-haraguchi,原口 典之,Haraguchi Noriyuki,はらぐち のりゆき,,符号つきで一致
規則どおり,,tomio-miki,三木 富雄,Miki Tomio,みき とみお,,符号つきで一致
規則どおり,,aiko-miyawaki,宮脇 愛子,Miyawaki Aiko,みやわき あいこ,,符号つきで一致
規則どおり,,yuki-katsura,桂 ゆき,Katsura Yuki,かつら ゆき,,符号つきで一致
規則どおり,,toshinobu-onosato,オノサト・トシノブ,Onosato Toshinobu,おのさと としのぶ,,符号つきで一致
規則どおり,,kumi-sugai,菅井 汲,Sugai Kumi,すがい くみ,,符号つきで一致
規則どおり,,toshimitsu-imai,今井 俊満,Imai Toshimitsu,いまい としみつ,,符号つきで一致
要裁定,(a) 長音の書き方,hisao-domoto,堂本 尚郎,Domoto Hisao,どうもと ひさお,,長音を書かない形（規則の2つの書き方のどちらでもない）
規則どおり,,kokuta-suda,須田 剋太,Suda Kokuta,すだ こくた,,符号つきで一致
規則どおり,,tatsuo-ikeda,池田 龍雄,Ikeda Tatsuo,いけだ たつお,,符号つきで一致
要裁定,(a) 長音の書き方,shusaku-arakawa,荒川 修作,Arakawa Shusaku,あらかわ しゅうさく,,長音を書かない形（規則の2つの書き方のどちらでもない）
規則どおり,,shigeko-kubota,久保田 成子,Kubota Shigeko,くぼた しげこ,,符号つきで一致
規則どおり,,yasunao-tone,刀根 康尚,Tone Yasunao,とね やすなお,,符号つきで一致
規則どおり,,keiichi-tanaami,田名網 敬一,Tanaami Keiichi,たなあみ けいいち,,母音字を並べる形で一致／符号つきで一致
規則どおり,,masunobu-yoshimura,吉村 益信,Yoshimura Masunobu,よしむら ますのぶ,,符号つきで一致
規則どおり,,minoru-niizuma,新妻 實,Niizuma Minoru,にいづま みのる,,符号つきで一致
規則どおり,,taeko-tomiyama,富山 妙子,Tomiyama Taeko,とみやま たえこ,,符号つきで一致
規則どおり,,kansuke-yamamoto,山本 悍右,Yamamoto Kansuke,やまもと かんすけ,,符号つきで一致
規則どおり,,keiji-usami,宇佐美 圭司,Usami Keiji,うさみ けいじ,,符号つきで一致
規則どおり,,yutaka-matsuzawa,松澤 宥,Matsuzawa Yutaka,まつざわ ゆたか,,符号つきで一致
要裁定,(a) 長音の書き方,kawabata-gyokusho,川端 玉章,Kawabata Gyokusho,かわばた ぎょくしょう,,長音を書かない形（規則の2つの書き方のどちらでもない）
規則どおり,,araki-kanpo,荒木 寛畝,Araki Kanpo,あらき かんぽ,,符号つきで一致
規則どおり,,araki-jippo,荒木 十畝,Araki Jippo,あらき じっぽ,,符号つきで一致
要裁定,(a) 長音の書き方,terazaki-kogyo,寺崎 広業,Terazaki Kogyo,てらざき こうぎょう,,長音を書かない形（規則の2つの書き方のどちらでもない）
規則どおり,,hirafuku-hyakusui,平福 百穂,Hirafuku Hyakusui,ひらふく ひゃくすい,,符号つきで一致
要裁定,(a) 長音の書き方,yuki-somei,結城 素明,Yuki Somei,ゆうき そめい,,長音を書かない形（規則の2つの書き方のどちらでもない）
要裁定,(a) 長音の書き方,matsuoka-eikyu,松岡 映丘,Matsuoka Eikyu,まつおか えいきゅう,,長音を書かない形（規則の2つの書き方のどちらでもない）
要裁定,(a) 長音の書き方,ikegami-shuho,池上 秀畝,Ikegami Shuho,いけがみ しゅうほ,,長音を書かない形（規則の2つの書き方のどちらでもない）
規則どおり,,yamamoto-shunkyo,山元 春挙,Yamamoto Shunkyo,やまもと しゅんきょ,,符号つきで一致
要裁定,(a) 長音の書き方,kikuchi-hobun,菊池 芳文,Kikuchi Hobun,きくち ほうぶん,,長音を書かない形（規則の2つの書き方のどちらでもない）
要裁定,(a) 長音の書き方,konoshima-okoku,木島 桜谷,Konoshima Okoku,このしま おうこく,,長音を書かない形（規則の2つの書き方のどちらでもない）
要裁定,(a) 長音の書き方,tsuji-kako,都路 華香,Tsuji Kako,つじ かこう,,長音を書かない形（規則の2つの書き方のどちらでもない）
規則どおり,,nakazawa-hiromitsu,中沢 弘光,Nakazawa Hiromitsu,なかざわ ひろみつ,,符号つきで一致
要裁定,(a) 長音の書き方,yuasa-ichiro,湯浅 一郎,Yuasa Ichiro,ゆあさ いちろう,,長音を書かない形（規則の2つの書き方のどちらでもない）
要裁定,(a) 長音の書き方,mitsutani-kunishiro,満谷 国四郎,Mitsutani Kunishiro,みつたに くにしろう,,長音を書かない形（規則の2つの書き方のどちらでもない）
要裁定,(a) 長音の書き方,kanokogi-takeshiro,鹿子木 孟郎,Kanokogi Takeshiro,かのこぎ たけしろう,,長音を書かない形（規則の2つの書き方のどちらでもない）
要裁定,(a) 長音の書き方,minami-kunzo,南 薫造,Minami Kunzo,みなみ くんぞう,,長音を書かない形（規則の2つの書き方のどちらでもない）
要裁定,(a) 長音の書き方,ota-kijiro,太田 喜二郎,Ota Kijiro,おおた きじろう,,長音を書かない形（規則の2つの書き方のどちらでもない）
規則どおり,,ishikawa-toraji,石川 寅治,Ishikawa Toraji,いしかわ とらじ,,符号つきで一致
要裁定,(a) 長音の書き方,kurata-hakuyo,倉田 白羊,Kurata Hakuyo,くらた はくよう,,長音を書かない形（規則の2つの書き方のどちらでもない）
規則どおり,,morita-tsunetomo,森田 恒友,Morita Tsunetomo,もりた つねとも,,符号つきで一致
要裁定,(a) 長音の書き方,kosugi-hoan,小杉 放菴,Kosugi Hoan,こすぎ ほうあん,,長音を書かない形（規則の2つの書き方のどちらでもない）
規則どおり,,yamamoto-kanae,山本 鼎,Yamamoto Kanae,やまもと かなえ,,符号つきで一致
要裁定,(a) 長音の書き方,kawashima-riichiro,川島 理一郎,Kawashima Riichiro,かわしま りいちろう,,長音を書かない形（規則の2つの書き方のどちらでもない）
要裁定,(a) 長音の書き方,tsuda-seifu,津田 青楓,Tsuda Seifu,つだ せいふう,,長音を書かない形（規則の2つの書き方のどちらでもない）
要裁定,(a) 長音の書き方,masamune-tokusaburo,正宗 得三郎,Masamune Tokusaburo,まさむね とくさぶろう,,長音を書かない形（規則の2つの書き方のどちらでもない）
規則どおり,,nakagawa-kigen,中川 紀元,Nakagawa Kigen,なかがわ きげん,,符号つきで一致
要裁定,(a) 長音の書き方,kuroda-jutaro,黒田 重太郎,Kuroda Jutaro,くろだ じゅうたろう,,長音を書かない形（規則の2つの書き方のどちらでもない）
規則どおり,,saburi-makoto,佐分 真,Saburi Makoto,さぶり まこと,,符号つきで一致
要裁定,(a) 長音の書き方,kito-nabesaburo,鬼頭 鍋三郎,Kito Nabesaburo,きとう なべさぶろう,,長音を書かない形（規則の2つの書き方のどちらでもない）
規則どおり,,nakayama-takashi,中山 巍,Nakayama Takashi,なかやま たかし,,符号つきで一致
規則どおり,,hayashi-shigeyoshi,林 重義,Hayashi Shigeyoshi,はやし しげよし,,符号つきで一致
規則どおり,,makino-torao,牧野 虎雄,Makino Torao,まきの とらお,,符号つきで一致
要裁定,(a) 長音の書き方,ihara-usaburo,伊原 宇三郎,Ihara Usaburo,いはら うさぶろう,,長音を書かない形（規則の2つの書き方のどちらでもない）
要裁定,(a) 長音の書き方,osawa-shosuke,大沢 昌助,Osawa Shosuke,おおさわ しょうすけ,,長音を書かない形（規則の2つの書き方のどちらでもない）
規則どおり,,nakamura-takuji,中村 琢二,Nakamura Takuji,なかむら たくじ,,符号つきで一致
要裁定,(a) 長音の書き方,okuda-genso,奥田 元宋,Okuda Genso,おくだ げんそう,,長音を書かない形（規則の2つの書き方のどちらでもない）
要裁定,(a) 長音の書き方,sato-taisei,佐藤 太清,Sato Taisei,さとう たいせい,,長音を書かない形（規則の2つの書き方のどちらでもない）
要裁定,(a) 長音の書き方,kato-eizo,加藤 栄三,Kato Eizo,かとう えいぞう,,長音を書かない形（規則の2つの書き方のどちらでもない）
要裁定,(a) 長音の書き方,kato-toichi,加藤 東一,Kato Toichi,かとう とういち,,長音を書かない形（規則の2つの書き方のどちらでもない）
要裁定,(a) 長音の書き方,fukuoji-horin,福王寺 法林,Fukuoji Horin,ふくおうじ ほうりん,,長音を書かない形（規則の2つの書き方のどちらでもない）
規則どおり,,nakamura-teii,中村 貞以,Nakamura Teii,なかむら ていい,,符号つきで一致
規則どおり,,iwasaki-hajin,岩崎 巴人,Iwasaki Hajin,いわさき はじん,,符号つきで一致
規則どおり,,asada-takashi,麻田 鷹司,Asada Takashi,あさだ たかし,,符号つきで一致
要裁定,(a) 長音の書き方,shinkai-takezo,新海 竹蔵,Shinkai Takezo,しんかい たけぞう,,長音を書かない形（規則の2つの書き方のどちらでもない）
要裁定,(a) 長音の書き方,miki-sosaku,三木 宗策,Miki Sosaku,みき そうさく,,長音を書かない形（規則の2つの書き方のどちらでもない）
規則どおり,,sekino-seiun,関野 聖雲,Sekino Seiun,せきの せいうん,,符号つきで一致
規則どおり,,numata-ichiga,沼田 一雅,Numata Ichiga,ぬまた いちが,,符号つきで一致
要裁定,(a) 長音の書き方,amada-kohei,雨田 光平,Amada Kohei,あまだ こうへい,,長音を書かない形（規則の2つの書き方のどちらでもない）
要裁定,(a) 長音の書き方,hinago-jitsuzo,日名子 実三,Hinago Jitsuzo,ひなご じつぞう,,長音を書かない形（規則の2つの書き方のどちらでもない）
要裁定,(a) 長音の書き方,takeishi-kozaburo,武石 弘三郎,Takeishi Kozaburo,たけいし こうざぶろう,,長音を書かない形（規則の2つの書き方のどちらでもない）
要裁定,(a) 長音の書き方,fujikawa-yuzo,藤川 勇造,Fujikawa Yuzo,ふじかわ ゆうぞう,,長音を書かない形（規則の2つの書き方のどちらでもない）
規則どおり,,nakamura-naondo,中村 直人,Nakamura Naondo,なかむら なおんど,,符号つきで一致
要裁定,(a) 長音の書き方,sasamura-sokajin,笹村 草家人,Sasamura Sokajin,ささむら そうかじん,,長音を書かない形（規則の2つの書き方のどちらでもない）
規則どおり,,koga-tadao,古賀 忠雄,Koga Tadao,こが ただお,,符号つきで一致
規則どおり,,kitamura-haruyoshi,北村 治禧,Kitamura Haruyoshi,きたむら はるよし,,符号つきで一致
規則どおり,,tada-minami,多田 美波,Tada Minami,ただ みなみ,,符号つきで一致
規則どおり,,amemiya-keiko,雨宮 敬子,Amemiya Keiko,あめみや けいこ,,符号つきで一致
規則どおり,,tsuchitani-takeshi,土谷 武,Tsuchitani Takeshi,つちたに たけし,,符号つきで一致
要裁定,(a) 長音の書き方,azuma-kenjiro,吾妻 兼治郎,Azuma Kenjiro,あづま けんじろう,,長音を書かない形（規則の2つの書き方のどちらでもない）
要裁定,(a) 長音の書き方,eguchi-shu,江口 週,Eguchi Shu,えぐち しゅう,,長音を書かない形（規則の2つの書き方のどちらでもない）
規則どおり,,suwa-sozan,諏訪 蘇山,Suwa Sozan,すわ そざん,,符号つきで一致
要裁定,(a) 長音の書き方,ito-tozan,伊東 陶山,Ito Tozan,いとう とうざん,,長音を書かない形（規則の2つの書き方のどちらでもない）
要裁定,(a) 長音の書き方,uno-soyo,宇野 宗甕,Uno Soyo,うの そうよう,,長音を書かない形（規則の2つの書き方のどちらでもない）
要裁定,(a) 長音の書き方,kato-tokuro,加藤 唐九郎,Kato Tokuro,かとう とうくろう,,長音を書かない形（規則の2つの書き方のどちらでもない）
要裁定,(a) 長音の書き方,kawamoto-goro,河本 五郎,Kawamoto Goro,かわもと ごろう,,長音を書かない形（規則の2つの書き方のどちらでもない）
規則どおり,,yamada-hikaru,山田 光,Yamada Hikaru,やまだ ひかる,,符号つきで一致
規則どおり,,kumakura-junkichi,熊倉 順吉,Kumakura Junkichi,くまくら じゅんきち,,符号つきで一致
規則どおり,,tokuda-yasokichi,徳田 八十吉,Tokuda Yasokichi,とくだ やそきち,,符号つきで一致
規則どおり,,asakura-isokichi,浅蔵 五十吉,Asakura Isokichi,あさくら いそきち,,符号つきで一致
要裁定,(a) 長音の書き方,kitade-tojiro,北出 塔次郎,Kitade Tojiro,きたで とうじろう,,長音を書かない形（規則の2つの書き方のどちらでもない）
規則どおり,,kitamura-takeshi,北村 武資,Kitamura Takeshi,きたむら たけし,,符号つきで一致
規則どおり,,yamada-mitsugi,山田 貢,Yamada Mitsugi,やまだ みつぎ,,符号つきで一致
規則どおり,,hata-tokio,羽田 登喜男,Hata Tokio,はた ときお,,符号つきで一致
規則どおり,,taira-toshiko,平良 敏子,Taira Toshiko,たいら としこ,,符号つきで一致
規則どおり,,yonamine-sada,与那嶺 貞,Yonamine Sada,よなみね さだ,,符号つきで一致
規則どおり,,kodama-hiroshi,児玉 博,Kodama Hiroshi,こだま ひろし,,符号つきで一致
定着表記の候補,,nambu-yoshimatsu,南部 芳松,Nambu Yoshimatsu,なんぶ よしまつ,なんぶ→現行 Nambu ／規則の形 Nanbu・Nanbu・Nanbu,不一致(撥音にm)（出典の確認が要る）
規則どおり,,isoi-joshin,磯井 如真,Isoi Joshin,いそい じょしん,,符号つきで一致
規則どおり,,isoi-masami,磯井 正美,Isoi Masami,いそい まさみ,,符号つきで一致
規則どおり,,rokkaku-shisui,六角 紫水,Rokkaku Shisui,ろっかく しすい,,符号つきで一致
要裁定,(a) 長音の書き方,yamazaki-kakutaro,山崎 覚太郎,Yamazaki Kakutaro,やまざき かくたろう,,長音を書かない形（規則の2つの書き方のどちらでもない）
規則どおり,,saji-tadasu,佐治 賢使,Saji Tadasu,さじ ただす,,符号つきで一致
規則どおり,,katori-masahiko,香取 正彦,Katori Masahiko,かとり まさひこ,,符号つきで一致
規則どおり,,eri-sayoko,江里 佐代子,Eri Sayoko,えり さよこ,,符号つきで一致
要裁定,(a) 長音の書き方,iizuka-shokansai,飯塚 小玕斎,Iizuka Shokansai,いいづか しょうかんさい,,長音を書かない形（規則の2つの書き方のどちらでもない）
要裁定,(a) 長音の書き方,ono-showasai,大野 昭和斎,Ono Showasai,おおの しょうわさい,,長音を書かない形（規則の2つの書き方のどちらでもない）
規則どおり,,nakadai-zuishin,中臺 瑞真,Nakadai Zuishin,なかだい ずいしん,,符号つきで一致
規則どおり,,noguchi-mitsuhiko,野口 光彦,Noguchi Mitsuhiko,のぐち みつひこ,,符号つきで一致
規則どおり,,amata-akitsugu,天田 昭次,Amata Akitsugu,あまた あきつぐ,,符号つきで一致
要裁定,(a) 長音の書き方,osumi-toshihira,大隅 俊平,Osumi Toshihira,おおすみ としひら,,長音を書かない形（規則の2つの書き方のどちらでもない）
要裁定,(a) 長音の書き方,yokoyama-matsusaburo,横山 松三郎,Yokoyama Matsusaburo,よこやま まつさぶろう,,長音を書かない形（規則の2つの書き方のどちらでもない）
要裁定,(b) 個別,kajima-seibei,鹿島 清兵衛,Kajima Seibei,かじま せいべえ,せいべえ→現行 Seibei ／規則の形 Seibē・Seibee・Seibe,不一致(読みと合わない)
要裁定,(a) 長音の書き方,fukuhara-roso,福原 路草,Fukuhara Roso,ふくはら ろそう,,長音を書かない形（規則の2つの書き方のどちらでもない）
規則どおり,,kanamaru-shigene,金丸 重嶺,Kanamaru Shigene,かなまる しげね,,符号つきで一致
規則どおり,,sakata-minoru,坂田 稔,Sakata Minoru,さかた みのる,,符号つきで一致
規則どおり,,hirai-terushichi,平井 輝七,Hirai Terushichi,ひらい てるしち,,符号つきで一致
規則どおり,,tamura-shigeru,田村 茂,Tamura Shigeru,たむら しげる,,符号つきで一致
要裁定,(a) 長音の書き方,ishizu-ryosuke,石津 良介,Ishizu Ryosuke,いしづ りょうすけ,,長音を書かない形（規則の2つの書き方のどちらでもない）
要裁定,(a) 長音の書き方,kageyama-koyo,影山 光洋,Kageyama Koyo,かげやま こうよう,,長音を書かない形（規則の2つの書き方のどちらでもない）
規則どおり,,kikuchi-shunkichi,菊池 俊吉,Kikuchi Shunkichi,きくち しゅんきち,,符号つきで一致
規則どおり,,sonobe-kiyoshi,薗部 澄,Sonobe Kiyoshi,そのべ きよし,,符号つきで一致
要裁定,(a) 長音の書き方,shimizu-buko,清水 武甲,Shimizu Buko,しみず ぶこう,,長音を書かない形（規則の2つの書き方のどちらでもない）
規則どおり,,iwamiya-takeji,岩宮 武二,Iwamiya Takeji,いわみや たけじ,,符号つきで一致
規則どおり,,fujimoto-shihachi,藤本 四八,Fujimoto Shihachi,ふじもと しはち,,符号つきで一致
規則どおり,,nakamura-masaya,中村 正也,Nakamura Masaya,なかむら まさや,,符号つきで一致
要裁定,(a) 長音の書き方,otsuka-gen,大束 元,Otsuka Gen,おおつか げん,,長音を書かない形（規則の2つの書き方のどちらでもない）
要裁定,(a) 長音の書き方,fukushima-kikujiro,福島 菊次郎,Fukushima Kikujiro,ふくしま きくじろう,,長音を書かない形（規則の2つの書き方のどちらでもない）
要裁定,(a) 長音の書き方,morooka-koji,師岡 宏次,Morooka Koji,もろおか こうじ,,長音を書かない形（規則の2つの書き方のどちらでもない）
定着表記の候補,,ei-q,瑛九,Ei-Q,えいきゅう,えいきゅう→現行 Ei-Q ／規則の形 Eikyū・Eikyuu・Eikyu,不一致(別綴り)（出典の確認が要る）
要裁定,(a) 長音の書き方,kitadai-shozo,北代 省三,Kitadai Shozo,きただい しょうぞう,,長音を書かない形（規則の2つの書き方のどちらでもない）
規則どおり,,fukushima-hideko,福島 秀子,Fukushima Hideko,ふくしま ひでこ,,符号つきで一致
要裁定,(a) 長音の書き方,komai-tetsuro,駒井 哲郎,Komai Tetsuro,こまい てつろう,,長音を書かない形（規則の2つの書き方のどちらでもない）
規則どおり,,hamada-chimei,浜田 知明,Hamada Chimei,はまだ ちめい,,符号つきで一致
規則どおり,,ikeda-masuo,池田 満寿夫,Ikeda Masuo,いけだ ますお,,符号つきで一致
規則どおり,,yoshihara-hideo,吉原 英雄,Yoshihara Hideo,よしはら ひでお,,符号つきで一致
規則どおり,,tabuchi-yasukazu,田淵 安一,Tabuchi Yasukazu,たぶち やすかず,,符号つきで一致
規則どおり,,kuwayama-tadaaki,桑山 忠明,Kuwayama Tadaaki,くわやま ただあき,,母音字を並べる形で一致／符号つきで一致
要裁定,(a) 長音の書き方,okamoto-shinjiro,岡本 信治郎,Okamoto Shinjiro,おかもと しんじろう,,長音を書かない形（規則の2つの書き方のどちらでもない）
要裁定,(a) 長音の書き方,toneyama-kojin,利根山 光人,Toneyama Kojin,とねやま こうじん,,長音を書かない形（規則の2つの書き方のどちらでもない）
要裁定,(b) 個別,saito-shinichi,斎藤 真一,Saito Shinichi,さいとう しんいち,しんいち→現行 Shinichi ／規則の形 Shin'ichi・Shin'ichi・Shin'ichi,不一致(読みと合わない)
定着表記の候補,,tateishi-tiger,立石 大河亞,Tateishi Tiger,たていし たいがー,たいがー→現行 Tiger ／規則の形 Taigā・Taigaa・Taiga,不一致(訓令式)（出典の確認が要る）
要裁定,(a) 長音の書き方,tanaka-shintaro,田中 信太郎,Tanaka Shintaro,たなか しんたろう,,長音を書かない形（規則の2つの書き方のどちらでもない）
規則どおり,,takayama-noboru,高山 登,Takayama Noboru,たかやま のぼる,,符号つきで一致
要裁定,(a) 長音の書き方,ida-shoichi,井田 照一,Ida Shoichi,いだ しょういち,,長音を書かない形（規則の2つの書き方のどちらでもない）
規則どおり,,yoshida-minoru,ヨシダ ミノル,Yoshida Minoru,よしだ みのる,,符号つきで一致
要裁定,(a) 長音の書き方,nishikawa-shundo,西川 春洞,Nishikawa Shundo,にしかわ しゅんどう,,長音を書かない形（規則の2つの書き方のどちらでもない）
規則どおり,,niwa-kaikaku,丹羽 海鶴,Niwa Kaikaku,にわ かいかく,,符号つきで一致
要裁定,(b) 個別,kondo-sechiku,近藤 雪竹,Kondo Sechiku,こんどう せっちく,せっちく→現行 Sechiku ／規則の形 Secchiku・Secchiku・Secchiku,不一致(読みと合わない)
要裁定,(a) 長音の書き方,takeda-kado,武田 霞洞,Takeda Kado,たけだ かどう,,長音を書かない形（規則の2つの書き方のどちらでもない）
要裁定,(a) 長音の書き方,watanabe-sao,渡辺 沙鴎,Watanabe Sao,わたなべ さおう,,長音を書かない形（規則の2つの書き方のどちらでもない）
要裁定,(a) 長音の書き方,matsui-joryu,松井 如流,Matsui Joryu,まつい じょりゅう,,長音を書かない形（規則の2つの書き方のどちらでもない）
規則どおり,,miyamoto-chikkei,宮本 竹逕,Miyamoto Chikkei,みやもと ちっけい,,符号つきで一致
要裁定,(a) 長音の書き方,osawa-chikutai,大澤 竹胎,Osawa Chikutai,おおさわ ちくたい,,長音を書かない形（規則の2つの書き方のどちらでもない）
要裁定,(a) 長音の書き方,nakamura-sodo,中村 素堂,Nakamura Sodo,なかむら そどう,,長音を書かない形（規則の2つの書き方のどちらでもない）
要裁定,(a) 長音の書き方,fukayama-ryudo,深山 龍洞,Miyama Ryudo,みやま りゅうどう,,長音を書かない形（規則の2つの書き方のどちらでもない）
要裁定,(a) 長音の書き方,hidai-shokin,比田井 小琴,Hidai Shokin,ひだい しょうきん,,長音を書かない形（規則の2つの書き方のどちらでもない）
規則どおり,,namai-shika,生井 子華,Namai Shika,なまい しか,,符号つきで一致
規則どおり,,kurihara-rosui,栗原 蘆水,Kurihara Rosui,くりはら ろすい,,符号つきで一致
規則どおり,,takagi-seikaku,高木 聖鶴,Takagi Seikaku,たかぎ せいかく,,符号つきで一致
要裁定,(a) 長音の書き方,morita-shiryu,森田 子龍,Morita Shiryu,もりた しりゅう,,長音を書かない形（規則の2つの書き方のどちらでもない）
要裁定,(a) 長音の書き方,shinoda-toko,篠田 桃紅,Shinoda Toko,しのだ とうこう,,長音を書かない形（規則の2つの書き方のどちらでもない）
要裁定,(a) 長音の書き方,eguchi-sogen,江口 草玄,Eguchi Sogen,えぐち そうげん,,長音を書かない形（規則の2つの書き方のどちらでもない）
規則どおり,,aida-mitsuo,相田 みつを,Aida Mitsuo,あいだ みつを,,符号つきで一致
規則どおり,,wada-makoto,和田 誠,Wada Makoto,わだ まこと,,符号つきで一致
規則どおり,,nagatomo-keisuke,長友 啓典,Nagatomo Keisuke,ながとも けいすけ,,符号つきで一致
規則どおり,,nadamoto-tadahito,灘本 唯人,Nadamoto Tadahito,なだもと ただひと,,符号つきで一致
規則どおり,,toda-tsutomu,戸田 ツトム,Toda Tsutomu,とだ つとむ,,符号つきで一致
規則どおり,,nagai-kazumasa,永井 一正,Nagai Kazumasa,ながい かずまさ,,符号つきで一致
要裁定,(a) 長音の書き方,naito-rune,内藤 ルネ,Naito Rune,ないとう るね,,長音を書かない形（規則の2つの書き方のどちらでもない）
要裁定,(a) 長音の書き方,hashiguchi-goyo,橋口 五葉,Hashiguchi Goyo,はしぐち ごよう,,長音を書かない形（規則の2つの書き方のどちらでもない）
規則どおり,,kobayashi-kaichi,小林 かいち,Kobayashi Kaichi,こばやし かいち,,符号つきで一致
要裁定,(a) 長音の書き方,sano-shigejiro,佐野 繁次郎,Sano Shigejiro,さの しげじろう,,長音を書かない形（規則の2つの書き方のどちらでもない）
要裁定,(a) 長音の書き方,ochi-hiroshi,大智 浩,Ochi Hiroshi,おおち ひろし,,長音を書かない形（規則の2つの書き方のどちらでもない）
規則どおり,,nakamura-nobuo,中村 乃武夫,Nakamura Nobuo,なかむら のぶお,,符号つきで一致
要裁定,(a) 長音の書き方,ito-mohei,伊東 茂平,Ito Mohei,いとう もへい,,長音を書かない形（規則の2つの書き方のどちらでもない）
規則どおり,,mizunoe-tadaomi,水之江 忠臣,Mizunoe Tadaomi,みずのえ ただおみ,,符号つきで一致
要裁定,(a) 長音の書き方,koike-iwataro,小池 岩太郎,Koike Iwataro,こいけ いわたろう,,長音を書かない形（規則の2つの書き方のどちらでもない）
規則どおり,,anzai-mizumaru,安西 水丸,Anzai Mizumaru,あんざい みずまる,,符号つきで一致
規則どおり,,harada-osamu,原田 治,Harada Osamu,はらだ おさむ,,符号つきで一致
規則どおり,,tatsuno-kingo,辰野 金吾,Tatsuno Kingo,たつの きんご,,符号つきで一致
要裁定,(a) 長音の書き方,ito-chuta,伊東 忠太,Ito Chuta,いとう ちゅうた,,長音を書かない形（規則の2つの書き方のどちらでもない）
要裁定,(a) 長音の書き方,katayama-tokuma,片山 東熊,Katayama Tokuma,かたやま とうくま,,長音を書かない形（規則の2つの書き方のどちらでもない）
要裁定,(a) 長音の書き方,tange-kenzo,丹下 健三,Tange Kenzo,たんげ けんぞう,,長音を書かない形（規則の2つの書き方のどちらでもない）
規則どおり,,seike-kiyoshi,清家 清,Seike Kiyoshi,せいけ きよし,,符号つきで一致
規則どおり,,isozaki-arata,磯崎 新,Isozaki Arata,いそざき あらた,,符号つきで一致
規則どおり,,maki-fumihiko,槇 文彦,Maki Fumihiko,まき ふみひこ,,符号つきで一致
規則どおり,,uchida-yoshikazu,内田 祥三,Uchida Yoshikazu,うちだ よしかず,,符号つきで一致
要裁定,(a) 長音の書き方,murano-togo,村野 藤吾,Murano Togo,むらの とうご,,長音を書かない形（規則の2つの書き方のどちらでもない）
規則どおり,,maekawa-kunio,前川 國男,Maekawa Kunio,まえかわ くにお,,符号つきで一致
規則どおり,,yoshida-isoya,吉田 五十八,Yoshida Isoya,よしだ いそや,,符号つきで一致
要裁定,(a) 長音の書き方,taniguchi-yoshiro,谷口 吉郎,Taniguchi Yoshiro,たにぐち よしろう,,長音を書かない形（規則の2つの書き方のどちらでもない）
規則どおり,,sano-toshikata,佐野 利器,Sano Toshikata,さの としかた,,符号つきで一致
判定不能,,kikutake-kiyonori,菊竹清訓,Kikutake Kiyonori,,,読み（かな）が手元のどのデータにも無い
判定不能,,ashihara-yoshinobu,芦原義信,Ashihara Yoshinobu,,,読み（かな）が手元のどのデータにも無い
判定不能,,otaka-masato,大高正人,Otaka Masato,,,読み（かな）が手元のどのデータにも無い
判定不能,,sakakura-junzo,坂倉準三,Sakakura Junzo,,,読み（かな）が手元のどのデータにも無い
判定不能,,yoshizaka-takamasa,吉阪隆正,Yoshizaka Takamasa,,,読み（かな）が手元のどのデータにも無い
判定不能,,imai-kenji,今井兼次,Imai Kenji,,,読み（かな）が手元のどのデータにも無い
判定不能,,kurokawa-kisho,黒川紀章,Kurokawa Kisho,,,読み（かな）が手元のどのデータにも無い
判定不能,,shinohara-kazuo,篠原一男,Shinohara Kazuo,,,読み（かな）が手元のどのデータにも無い
判定不能,,azuma-takamitsu,東孝光,Azuma Takamitsu,,,読み（かな）が手元のどのデータにも無い
判定不能,,tsuchiura-kameki,土浦亀城,Tsuchiura Kameki,,,読み（かな）が手元のどのデータにも無い
判定不能,,kishida-hideto,岸田日出刀,Kishida Hideto,,,読み（かな）が手元のどのデータにも無い
判定不能,,shirai-seiichi,白井晟一,Shirai Seiichi,,,読み（かな）が手元のどのデータにも無い
判定不能,,yamaguchi-bunzo,山口文象,Yamaguchi Bunzo,,,読み（かな）が手元のどのデータにも無い
判定不能,,ikebe-kiyoshi,池辺陽,Ikebe Kiyoshi,,,読み（かな）が手元のどのデータにも無い
判定不能,,nishizawa-fumitaka,西澤文隆,Nishizawa Fumitaka,,,読み（かな）が手元のどのデータにも無い
