系譜	氏名	よみ	分野	会員区分	あつぺくと627との関係	出どころURL
現代工芸	相澤 正樹	（協会サイトに記載なし）	陶磁	本会員	—	http://www.gendaikougei.or.jp/member2.html
現代工芸	青木 啓幸	（協会サイトに記載なし）	陶磁	本会員	同姓: 青木繁	http://www.gendaikougei.or.jp/member2.html
現代工芸	浅井 啓扶	（協会サイトに記載なし）	陶磁	本会員	同姓: 浅井忠	http://www.gendaikougei.or.jp/member2.html
現代工芸	新垣 栄	（協会サイトに記載なし）	陶磁	本会員	—	http://www.gendaikougei.or.jp/member2.html
現代工芸	荒田 眞代	（協会サイトに記載なし）	陶磁	本会員	—	http://www.gendaikougei.or.jp/member2.html
現代工芸	石添 秀正	（協会サイトに記載なし）	陶磁	本会員	—	http://www.gendaikougei.or.jp/member2.html
現代工芸	井上 具彦	（協会サイトに記載なし）	陶磁	本会員	同姓: 井上長三郎・井上有一	http://www.gendaikougei.or.jp/member2.html
現代工芸	井上 英基	（協会サイトに記載なし）	陶磁	本会員	同姓: 井上長三郎・井上有一	http://www.gendaikougei.or.jp/member2.html
現代工芸	井上 雅子	（協会サイトに記載なし）	陶磁	本会員	同姓: 井上長三郎・井上有一	http://www.gendaikougei.or.jp/member2.html
現代工芸	今林 久	（協会サイトに記載なし）	陶磁	本会員	—	http://www.gendaikougei.or.jp/member2.html
現代工芸	今林 邦寛	（協会サイトに記載なし）	陶磁	本会員	—	http://www.gendaikougei.or.jp/member2.html
現代工芸	上野 伊都美	（協会サイトに記載なし）	陶磁	本会員	同姓: 上野為二・上野彦馬	http://www.gendaikougei.or.jp/member2.html
現代工芸	上村 直也	（協会サイトに記載なし）	陶磁	本会員	同姓: 上村松園・上村松篁	http://www.gendaikougei.or.jp/member2.html
現代工芸	梅田 洋	（協会サイトに記載なし）	陶磁	本会員	—	http://www.gendaikougei.or.jp/member2.html
現代工芸	浦野 真吾	（協会サイトに記載なし）	陶磁	本会員	—	http://www.gendaikougei.or.jp/member2.html
現代工芸	遠藤 幸子	（協会サイトに記載なし）	陶磁	本会員	—	http://www.gendaikougei.or.jp/member2.html
現代工芸	大谷 桂子	（協会サイトに記載なし）	陶磁	本会員	—	http://www.gendaikougei.or.jp/member2.html
現代工芸	大畑 桃子	（協会サイトに記載なし）	陶磁	本会員	—	http://www.gendaikougei.or.jp/member2.html
現代工芸	大村 弘美	（協会サイトに記載なし）	陶磁	本会員	—	http://www.gendaikougei.or.jp/member2.html
現代工芸	司辻 健司	（協会サイトに記載なし）	陶磁	本会員	—	http://www.gendaikougei.or.jp/member2.html
現代工芸	金子 章	（協会サイトに記載なし）	陶磁	本会員	同姓: 金子鷗亭	http://www.gendaikougei.or.jp/member2.html
現代工芸	川上 マユミ	（協会サイトに記載なし）	陶磁	本会員	—	http://www.gendaikougei.or.jp/member2.html
現代工芸	川西 幹雄	（協会サイトに記載なし）	陶磁	本会員	—	http://www.gendaikougei.or.jp/member2.html
現代工芸	川原 圭二	（協会サイトに記載なし）	陶磁	本会員	—	http://www.gendaikougei.or.jp/member2.html
現代工芸	川本 ちゑ子	（協会サイトに記載なし）	陶磁	本会員	—	http://www.gendaikougei.or.jp/member2.html
現代工芸	上端 伸也	（協会サイトに記載なし）	陶磁	本会員	—	http://www.gendaikougei.or.jp/member2.html
現代工芸	菊地 隆	（協会サイトに記載なし）	陶磁	本会員	—	http://www.gendaikougei.or.jp/member2.html
現代工芸	木下 智栄	（協会サイトに記載なし）	陶磁	本会員	同姓: 木下繁	http://www.gendaikougei.or.jp/member2.html
現代工芸	久保 淑子	（協会サイトに記載なし）	陶磁	本会員	同姓: 久保田成子	http://www.gendaikougei.or.jp/member2.html
現代工芸	倉田 正己	（協会サイトに記載なし）	陶磁	本会員	同姓: 倉田精二・倉田白羊	http://www.gendaikougei.or.jp/member2.html
現代工芸	徤名 文一	（協会サイトに記載なし）	陶磁	本会員	—	http://www.gendaikougei.or.jp/member2.html
現代工芸	髙鶴 享一	（協会サイトに記載なし）	陶磁	本会員	—	http://www.gendaikougei.or.jp/member2.html
現代工芸	小谷内 和央	（協会サイトに記載なし）	陶磁	本会員	—	http://www.gendaikougei.or.jp/member2.html
現代工芸	近藤 賢	（協会サイトに記載なし）	陶磁	本会員	同姓: 近藤悠三・近藤雪竹	http://www.gendaikougei.or.jp/member2.html
現代工芸	近藤 なを	（協会サイトに記載なし）	陶磁	本会員	同姓: 近藤悠三・近藤雪竹	http://www.gendaikougei.or.jp/member2.html
現代工芸	齋藤 麻里	（協会サイトに記載なし）	陶磁	本会員	—	http://www.gendaikougei.or.jp/member2.html
現代工芸	財満 進	（協会サイトに記載なし）	陶磁	本会員	—	http://www.gendaikougei.or.jp/member2.html
現代工芸	佐々木 福子	（協会サイトに記載なし）	陶磁	本会員	同姓: 佐々木象堂	http://www.gendaikougei.or.jp/member2.html
現代工芸	下條 途夫	（協会サイトに記載なし）	陶磁	本会員	—	http://www.gendaikougei.or.jp/member2.html
現代工芸	神 まさこ	（協会サイトに記載なし）	陶磁	本会員	—	http://www.gendaikougei.or.jp/member2.html
現代工芸	杉山 典子	（協会サイトに記載なし）	陶磁	本会員	同姓: 杉山寧	http://www.gendaikougei.or.jp/member2.html
現代工芸	世良 彰彦	（協会サイトに記載なし）	陶磁	本会員	—	http://www.gendaikougei.or.jp/member2.html
現代工芸	高井 晴美	（協会サイトに記載なし）	陶磁	本会員	—	http://www.gendaikougei.or.jp/member2.html
現代工芸	高木 初見	（協会サイトに記載なし）	陶磁	本会員	同姓: 高木聖鶴	http://www.gendaikougei.or.jp/member2.html
現代工芸	髙澤 則子	（協会サイトに記載なし）	陶磁	本会員	—	http://www.gendaikougei.or.jp/member2.html
現代工芸	髙田 さとこ	（協会サイトに記載なし）	陶磁	本会員	—	http://www.gendaikougei.or.jp/member2.html
現代工芸	竹重 秀治	（協会サイトに記載なし）	陶磁	本会員	—	http://www.gendaikougei.or.jp/member2.html
現代工芸	竹村 岳	（協会サイトに記載なし）	陶磁	本会員	—	http://www.gendaikougei.or.jp/member2.html
現代工芸	谷 信男	（協会サイトに記載なし）	陶磁	本会員	—	http://www.gendaikougei.or.jp/member2.html
現代工芸	辻 聡彦	（協会サイトに記載なし）	陶磁	本会員	—	http://www.gendaikougei.or.jp/member2.html
現代工芸	辻 広子	（協会サイトに記載なし）	陶磁	本会員	—	http://www.gendaikougei.or.jp/member2.html
現代工芸	寺﨑 康子	（協会サイトに記載なし）	陶磁	本会員	—	http://www.gendaikougei.or.jp/member2.html
現代工芸	冨坂 惠美子	（協会サイトに記載なし）	陶磁	本会員	—	http://www.gendaikougei.or.jp/member2.html
現代工芸	中市後 達夫	（協会サイトに記載なし）	陶磁	本会員	—	http://www.gendaikougei.or.jp/member2.html
現代工芸	中内 順子	（協会サイトに記載なし）	陶磁	本会員	—	http://www.gendaikougei.or.jp/member2.html
現代工芸	中尾 厚子	（協会サイトに記載なし）	陶磁	本会員	—	http://www.gendaikougei.or.jp/member2.html
現代工芸	中村 厚子	（協会サイトに記載なし）	陶磁	本会員	同姓: 中村岳陵・中村大三郎・中村正義	http://www.gendaikougei.or.jp/member2.html
現代工芸	中村 慎	（協会サイトに記載なし）	陶磁	本会員	同姓: 中村岳陵・中村大三郎・中村正義	http://www.gendaikougei.or.jp/member2.html
現代工芸	中村 基克	（協会サイトに記載なし）	陶磁	本会員	同姓: 中村岳陵・中村大三郎・中村正義	http://www.gendaikougei.or.jp/member2.html
現代工芸	南雲 聖	（協会サイトに記載なし）	陶磁	本会員	—	http://www.gendaikougei.or.jp/member2.html
現代工芸	奈良 久司	（協会サイトに記載なし）	陶磁	本会員	同姓: 奈良原一高	http://www.gendaikougei.or.jp/member2.html
現代工芸	野村 裕晧	（協会サイトに記載なし）	陶磁	本会員	—	http://www.gendaikougei.or.jp/member2.html
現代工芸	萩原 博之	（協会サイトに記載なし）	陶磁	本会員	—	http://www.gendaikougei.or.jp/member2.html
現代工芸	橋村 一彦	（協会サイトに記載なし）	陶磁	本会員	—	http://www.gendaikougei.or.jp/member2.html
現代工芸	橋村 るみ	（協会サイトに記載なし）	陶磁	本会員	—	http://www.gendaikougei.or.jp/member2.html
現代工芸	波多野 安希	（協会サイトに記載なし）	陶磁	本会員	—	http://www.gendaikougei.or.jp/member2.html
現代工芸	波多野 正典	（協会サイトに記載なし）	陶磁	本会員	—	http://www.gendaikougei.or.jp/member2.html
現代工芸	浜崎 竜而	（協会サイトに記載なし）	陶磁	本会員	—	http://www.gendaikougei.or.jp/member2.html
現代工芸	伴 善雄	（協会サイトに記載なし）	陶磁	本会員	—	http://www.gendaikougei.or.jp/member2.html
現代工芸	寒蝉 久美江	（協会サイトに記載なし）	陶磁	本会員	—	http://www.gendaikougei.or.jp/member2.html
現代工芸	廣岡 秀樹	（協会サイトに記載なし）	陶磁	本会員	—	http://www.gendaikougei.or.jp/member2.html
現代工芸	弘中 史朗	（協会サイトに記載なし）	陶磁	本会員	—	http://www.gendaikougei.or.jp/member2.html
現代工芸	藤田 晃一	（協会サイトに記載なし）	陶磁	本会員	同姓: 藤田嗣治・藤田喬平	http://www.gendaikougei.or.jp/member2.html
現代工芸	鉾石 由紀子	（協会サイトに記載なし）	陶磁	本会員	—	http://www.gendaikougei.or.jp/member2.html
現代工芸	眞島 美代子	（協会サイトに記載なし）	陶磁	本会員	—	http://www.gendaikougei.or.jp/member2.html
現代工芸	松田 清隆	（協会サイトに記載なし）	陶磁	本会員	同姓: 松田権六	http://www.gendaikougei.or.jp/member2.html
現代工芸	松田 靖宏	（協会サイトに記載なし）	陶磁	本会員	同姓: 松田権六	http://www.gendaikougei.or.jp/member2.html
現代工芸	松永 明	（協会サイトに記載なし）	陶磁	本会員	—	http://www.gendaikougei.or.jp/member2.html
現代工芸	松永 好昭	（協会サイトに記載なし）	陶磁	本会員	—	http://www.gendaikougei.or.jp/member2.html
現代工芸	丸田 延親	（協会サイトに記載なし）	陶磁	本会員	—	http://www.gendaikougei.or.jp/member2.html
現代工芸	水谷 幸勉	（協会サイトに記載なし）	陶磁	本会員	—	http://www.gendaikougei.or.jp/member2.html
現代工芸	南 正剛	（協会サイトに記載なし）	陶磁	本会員	—	http://www.gendaikougei.or.jp/member2.html
現代工芸	村越 郁夫	（協会サイトに記載なし）	陶磁	本会員	—	http://www.gendaikougei.or.jp/member2.html
現代工芸	山岸 青矢	（協会サイトに記載なし）	陶磁	本会員	—	http://www.gendaikougei.or.jp/member2.html
現代工芸	山口 雛子	（協会サイトに記載なし）	陶磁	本会員	同姓: 山口華楊・山口蓬春・山口長男	http://www.gendaikougei.or.jp/member2.html
現代工芸	山田 哲生	（協会サイトに記載なし）	陶磁	本会員	同姓: 山田光・山田貢	http://www.gendaikougei.or.jp/member2.html
現代工芸	吉田 武郎	（協会サイトに記載なし）	陶磁	本会員	同姓: 吉田博・吉田三郎・吉田稔郎	http://www.gendaikougei.or.jp/member2.html
現代工芸	吉村 美峯	（協会サイトに記載なし）	陶磁	本会員	同姓: 吉村益信	http://www.gendaikougei.or.jp/member2.html
現代工芸	吉本 恭子	（協会サイトに記載なし）	陶磁	本会員	—	http://www.gendaikougei.or.jp/member2.html
現代工芸	渡邉 真樹	（協会サイトに記載なし）	陶磁	本会員	—	http://www.gendaikougei.or.jp/member2.html
現代工芸	揚野 純子	（協会サイトに記載なし）	染・織	本会員	—	http://www.gendaikougei.or.jp/member2.html
現代工芸	阿部 良美	（協会サイトに記載なし）	染・織	本会員	—	http://www.gendaikougei.or.jp/member2.html
現代工芸	天谷 理彩	（協会サイトに記載なし）	染・織	本会員	—	http://www.gendaikougei.or.jp/member2.html
現代工芸	五十嵐 まさみ	（協会サイトに記載なし）	染・織	本会員	—	http://www.gendaikougei.or.jp/member2.html
現代工芸	池永 久美子	（協会サイトに記載なし）	染・織	本会員	—	http://www.gendaikougei.or.jp/member2.html
現代工芸	石上 久美子	（協会サイトに記載なし）	染・織	本会員	—	http://www.gendaikougei.or.jp/member2.html
現代工芸	石原 真理	（協会サイトに記載なし）	染・織	本会員	—	http://www.gendaikougei.or.jp/member2.html
現代工芸	伊藤 邦枝	（協会サイトに記載なし）	染・織	本会員	—	http://www.gendaikougei.or.jp/member2.html
現代工芸	猪熊 眞智子	（協会サイトに記載なし）	染・織	本会員	同姓: 猪熊弦一郎	http://www.gendaikougei.or.jp/member2.html
現代工芸	上田 章子	（協会サイトに記載なし）	染・織	本会員	同姓: 上田桑鳩	http://www.gendaikougei.or.jp/member2.html
現代工芸	宇佐見 美和	（協会サイトに記載なし）	染・織	本会員	同姓: 宇佐美圭司	http://www.gendaikougei.or.jp/member2.html
現代工芸	内山 元子	（協会サイトに記載なし）	染・織	本会員	—	http://www.gendaikougei.or.jp/member2.html
現代工芸	大住 由季	（協会サイトに記載なし）	染・織	本会員	—	http://www.gendaikougei.or.jp/member2.html
現代工芸	大西 重広	（協会サイトに記載なし）	染・織	本会員	—	http://www.gendaikougei.or.jp/member2.html
現代工芸	岡田 奈美子	（協会サイトに記載なし）	染・織	本会員	同姓: 岡田三郎助	http://www.gendaikougei.or.jp/member2.html
現代工芸	尾方 花子	（協会サイトに記載なし）	染・織	本会員	—	http://www.gendaikougei.or.jp/member2.html
現代工芸	小田中 藍	（協会サイトに記載なし）	染・織	本会員	—	http://www.gendaikougei.or.jp/member2.html
現代工芸	香川 真有美	（協会サイトに記載なし）	染・織	本会員	—	http://www.gendaikougei.or.jp/member2.html
現代工芸	風間 美代子	（協会サイトに記載なし）	染・織	本会員	—	http://www.gendaikougei.or.jp/member2.html
現代工芸	加藤 伴子	（協会サイトに記載なし）	染・織	本会員	同姓: 加藤顕清・加藤土師萌・加藤卓男	http://www.gendaikougei.or.jp/member2.html
現代工芸	河崎 晴生	（協会サイトに記載なし）	染・織	本会員	—	http://www.gendaikougei.or.jp/member2.html
現代工芸	貴田 洋子	（協会サイトに記載なし）	染・織	本会員	—	http://www.gendaikougei.or.jp/member2.html
現代工芸	小池 信子	（協会サイトに記載なし）	染・織	本会員	同姓: 小池岩太郎	http://www.gendaikougei.or.jp/member2.html
現代工芸	小谷 登美子	（協会サイトに記載なし）	染・織	本会員	—	http://www.gendaikougei.or.jp/member2.html
現代工芸	小林 洋子	（協会サイトに記載なし）	染・織	本会員	同姓: 小林古径・小林和作・小林斗盦	http://www.gendaikougei.or.jp/member2.html
現代工芸	権田 宜子	（協会サイトに記載なし）	染・織	本会員	—	http://www.gendaikougei.or.jp/member2.html
現代工芸	佐々木 貴子	（協会サイトに記載なし）	染・織	本会員	同姓: 佐々木象堂	http://www.gendaikougei.or.jp/member2.html
現代工芸	佐藤 きわ子	（協会サイトに記載なし）	染・織	本会員	同姓: 佐藤玄々・佐藤忠良・佐藤太清	http://www.gendaikougei.or.jp/member2.html
現代工芸	佐藤 将輝	（協会サイトに記載なし）	染・織	本会員	同姓: 佐藤玄々・佐藤忠良・佐藤太清	http://www.gendaikougei.or.jp/member2.html
現代工芸	塩澤 正信	（協会サイトに記載なし）	染・織	本会員	—	http://www.gendaikougei.or.jp/member2.html
現代工芸	品川 未知子	（協会サイトに記載なし）	染・織	本会員	—	http://www.gendaikougei.or.jp/member2.html
現代工芸	下村 純子	（協会サイトに記載なし）	染・織	本会員	同姓: 下村観山	http://www.gendaikougei.or.jp/member2.html
現代工芸	白松 眞貴	（協会サイトに記載なし）	染・織	本会員	—	http://www.gendaikougei.or.jp/member2.html
現代工芸	菅沼 滋子	（協会サイトに記載なし）	染・織	本会員	—	http://www.gendaikougei.or.jp/member2.html
現代工芸	杉尾 緑	（協会サイトに記載なし）	染・織	本会員	—	http://www.gendaikougei.or.jp/member2.html
現代工芸	鈴木 緑	（協会サイトに記載なし）	染・織	本会員	同姓: 鈴木千賀子・鈴木信太郎・鈴木翠軒	http://www.gendaikougei.or.jp/member2.html
現代工芸	須田 為世	（協会サイトに記載なし）	染・織	本会員	同姓: 須田国太郎・須田一政・須田剋太	http://www.gendaikougei.or.jp/member2.html
現代工芸	瀬川 卓哉	（協会サイトに記載なし）	染・織	本会員	—	http://www.gendaikougei.or.jp/member2.html
現代工芸	髙﨑 眞知子	（協会サイトに記載なし）	染・織	本会員	—	http://www.gendaikougei.or.jp/member2.html
現代工芸	髙杉 三千惠	（協会サイトに記載なし）	染・織	本会員	—	http://www.gendaikougei.or.jp/member2.html
現代工芸	高柳 千秋	（協会サイトに記載なし）	染・織	本会員	—	http://www.gendaikougei.or.jp/member2.html
現代工芸	竹内 克江	（協会サイトに記載なし）	染・織	本会員	同姓: 竹内栖鳳	http://www.gendaikougei.or.jp/member2.html
現代工芸	竹下 よし子	（協会サイトに記載なし）	染・織	本会員	—	http://www.gendaikougei.or.jp/member2.html
現代工芸	竹若 美津子	（協会サイトに記載なし）	染・織	本会員	—	http://www.gendaikougei.or.jp/member2.html
現代工芸	田嶋 秀之	（協会サイトに記載なし）	染・織	本会員	—	http://www.gendaikougei.or.jp/member2.html
現代工芸	多々内 都子	（協会サイトに記載なし）	染・織	本会員	—	http://www.gendaikougei.or.jp/member2.html
現代工芸	田中 麻衣子	（協会サイトに記載なし）	染・織	本会員	同姓: 田中一村・田中保・田中塊堂	http://www.gendaikougei.or.jp/member2.html
現代工芸	千々松 洋子	（協会サイトに記載なし）	染・織	本会員	—	http://www.gendaikougei.or.jp/member2.html
現代工芸	辻 宏美	（協会サイトに記載なし）	染・織	本会員	—	http://www.gendaikougei.or.jp/member2.html
現代工芸	鶴田 眞澄	（協会サイトに記載なし）	染・織	本会員	—	http://www.gendaikougei.or.jp/member2.html
現代工芸	鶴見 晋史	（協会サイトに記載なし）	染・織	本会員	—	http://www.gendaikougei.or.jp/member2.html
現代工芸	寺本 沙香江	（協会サイトに記載なし）	染・織	本会員	—	http://www.gendaikougei.or.jp/member2.html
現代工芸	鳥井 明子	（協会サイトに記載なし）	染・織	本会員	—	http://www.gendaikougei.or.jp/member2.html
現代工芸	内藤 久子	（協会サイトに記載なし）	染・織	本会員	同姓: 内藤伸・内藤四郎・内藤ルネ	http://www.gendaikougei.or.jp/member2.html
現代工芸	中川 由紀子	（協会サイトに記載なし）	染・織	本会員	同姓: 中川一政・中川紀元	http://www.gendaikougei.or.jp/member2.html
現代工芸	中島 厚子	（協会サイトに記載なし）	染・織	本会員	—	http://www.gendaikougei.or.jp/member2.html
現代工芸	中島 京子	（協会サイトに記載なし）	染・織	本会員	—	http://www.gendaikougei.or.jp/member2.html
現代工芸	中村 美紀	（協会サイトに記載なし）	染・織	本会員	同姓: 中村岳陵・中村大三郎・中村正義	http://www.gendaikougei.or.jp/member2.html
現代工芸	中村 裕見子	（協会サイトに記載なし）	染・織	本会員	同姓: 中村岳陵・中村大三郎・中村正義	http://www.gendaikougei.or.jp/member2.html
現代工芸	二宮 祐子	（協会サイトに記載なし）	染・織	本会員	—	http://www.gendaikougei.or.jp/member2.html
現代工芸	能勢 恵子	（協会サイトに記載なし）	染・織	本会員	—	http://www.gendaikougei.or.jp/member2.html
現代工芸	彦根 愛	（協会サイトに記載なし）	染・織	本会員	—	http://www.gendaikougei.or.jp/member2.html
現代工芸	平井 恵子	（協会サイトに記載なし）	染・織	本会員	同姓: 平井輝七	http://www.gendaikougei.or.jp/member2.html
現代工芸	平岩 智子	（協会サイトに記載なし）	染・織	本会員	—	http://www.gendaikougei.or.jp/member2.html
現代工芸	平林 芳子	（協会サイトに記載なし）	染・織	本会員	—	http://www.gendaikougei.or.jp/member2.html
現代工芸	福田 陽子	（協会サイトに記載なし）	染・織	本会員	同姓: 福田平八郎・福田豊四郎・福田繁雄	http://www.gendaikougei.or.jp/member2.html
現代工芸	福本 美智代	（協会サイトに記載なし）	染・織	本会員	—	http://www.gendaikougei.or.jp/member2.html
現代工芸	藤見 眞知子	（協会サイトに記載なし）	染・織	本会員	—	http://www.gendaikougei.or.jp/member2.html
現代工芸	藤藁 隆	（協会サイトに記載なし）	染・織	本会員	—	http://www.gendaikougei.or.jp/member2.html
現代工芸	古澤 順子	（協会サイトに記載なし）	染・織	本会員	—	http://www.gendaikougei.or.jp/member2.html
現代工芸	古根 香	（協会サイトに記載なし）	染・織	本会員	—	http://www.gendaikougei.or.jp/member2.html
現代工芸	星野 八千代	（協会サイトに記載なし）	染・織	本会員	同姓: 星野道夫	http://www.gendaikougei.or.jp/member2.html
現代工芸	細田 臥洲子	（協会サイトに記載なし）	染・織	本会員	—	http://www.gendaikougei.or.jp/member2.html
現代工芸	前垣 佳代	（協会サイトに記載なし）	染・織	本会員	—	http://www.gendaikougei.or.jp/member2.html
現代工芸	三谷 恵子	（協会サイトに記載なし）	染・織	本会員	—	http://www.gendaikougei.or.jp/member2.html
現代工芸	宮部 禮子	（協会サイトに記載なし）	染・織	本会員	—	http://www.gendaikougei.or.jp/member2.html
現代工芸	森 孝子	（協会サイトに記載なし）	染・織	本会員	—	http://www.gendaikougei.or.jp/member2.html
現代工芸	山﨑 和子	（協会サイトに記載なし）	染・織	本会員	—	http://www.gendaikougei.or.jp/member2.html
現代工芸	山﨑 惠	（協会サイトに記載なし）	染・織	本会員	—	http://www.gendaikougei.or.jp/member2.html
現代工芸	山田 麻緒	（協会サイトに記載なし）	染・織	本会員	同姓: 山田光・山田貢	http://www.gendaikougei.or.jp/member2.html
現代工芸	山田 俊子	（協会サイトに記載なし）	染・織	本会員	同姓: 山田光・山田貢	http://www.gendaikougei.or.jp/member2.html
現代工芸	山本 由実	（協会サイトに記載なし）	染・織	本会員	同姓: 山本丘人・山本芳翠・山本豊市	http://www.gendaikougei.or.jp/member2.html
現代工芸	吉川 眞理	（協会サイトに記載なし）	染・織	本会員	—	http://www.gendaikougei.or.jp/member2.html
現代工芸	渡邉 久意	（協会サイトに記載なし）	染・織	本会員	—	http://www.gendaikougei.or.jp/member2.html
現代工芸	相原 健作	（協会サイトに記載なし）	金属	本会員	—	http://www.gendaikougei.or.jp/member2.html
現代工芸	青木 邦明	（協会サイトに記載なし）	金属	本会員	同姓: 青木繁	http://www.gendaikougei.or.jp/member2.html
現代工芸	石黒 美男	（協会サイトに記載なし）	金属	本会員	同姓: 石黒宗麿	http://www.gendaikougei.or.jp/member2.html
現代工芸	榎森 靖朗	（協会サイトに記載なし）	金属	本会員	—	http://www.gendaikougei.or.jp/member2.html
現代工芸	鬼木 英幸	（協会サイトに記載なし）	金属	本会員	—	http://www.gendaikougei.or.jp/member2.html
現代工芸	河田 亜也	（協会サイトに記載なし）	金属	本会員	—	http://www.gendaikougei.or.jp/member2.html
現代工芸	葛井 保秀	（協会サイトに記載なし）	金属	本会員	—	http://www.gendaikougei.or.jp/member2.html
現代工芸	後藤 柳克	（協会サイトに記載なし）	金属	本会員	同姓: 後藤純男	http://www.gendaikougei.or.jp/member2.html
現代工芸	小西 潤	（協会サイトに記載なし）	金属	本会員	—	http://www.gendaikougei.or.jp/member2.html
現代工芸	佐藤 和夫	（協会サイトに記載なし）	金属	本会員	同姓: 佐藤玄々・佐藤忠良・佐藤太清	http://www.gendaikougei.or.jp/member2.html
現代工芸	佐藤 勝久	（協会サイトに記載なし）	金属	本会員	同姓: 佐藤玄々・佐藤忠良・佐藤太清	http://www.gendaikougei.or.jp/member2.html
現代工芸	杉森 瑛德	（協会サイトに記載なし）	金属	本会員	—	http://www.gendaikougei.or.jp/member2.html
現代工芸	鈴木 博美	（協会サイトに記載なし）	金属	本会員	同姓: 鈴木千賀子・鈴木信太郎・鈴木翠軒	http://www.gendaikougei.or.jp/member2.html
現代工芸	高橋 正訓	（協会サイトに記載なし）	金属	本会員	同姓: 高橋由一・高橋貞次	http://www.gendaikougei.or.jp/member2.html
現代工芸	槻間 秀人	（協会サイトに記載なし）	金属	本会員	—	http://www.gendaikougei.or.jp/member2.html
現代工芸	築舘 儀憲	（協会サイトに記載なし）	金属	本会員	—	http://www.gendaikougei.or.jp/member2.html
現代工芸	手銭 吾郎	（協会サイトに記載なし）	金属	本会員	—	http://www.gendaikougei.or.jp/member2.html
現代工芸	中島 健太郎	（協会サイトに記載なし）	金属	本会員	—	http://www.gendaikougei.or.jp/member2.html
現代工芸	永見 文人	（協会サイトに記載なし）	金属	本会員	—	http://www.gendaikougei.or.jp/member2.html
現代工芸	中村 昌子	（協会サイトに記載なし）	金属	本会員	同姓: 中村岳陵・中村大三郎・中村正義	http://www.gendaikougei.or.jp/member2.html
現代工芸	長谷川 覚	（協会サイトに記載なし）	金属	本会員	—	http://www.gendaikougei.or.jp/member2.html
現代工芸	東山 葉月	（協会サイトに記載なし）	金属	本会員	同姓: 東山魁夷	http://www.gendaikougei.or.jp/member2.html
現代工芸	平戸 亜海	（協会サイトに記載なし）	金属	本会員	—	http://www.gendaikougei.or.jp/member2.html
現代工芸	平野 博次	（協会サイトに記載なし）	金属	本会員	—	http://www.gendaikougei.or.jp/member2.html
現代工芸	藤田 謙	（協会サイトに記載なし）	金属	本会員	同姓: 藤田嗣治・藤田喬平	http://www.gendaikougei.or.jp/member2.html
現代工芸	南 昌伸	（協会サイトに記載なし）	金属	本会員	—	http://www.gendaikougei.or.jp/member2.html
現代工芸	盛 澄子	（協会サイトに記載なし）	金属	本会員	—	http://www.gendaikougei.or.jp/member2.html
現代工芸	吉賀 暁	（協会サイトに記載なし）	金属	本会員	—	http://www.gendaikougei.or.jp/member2.html
現代工芸	吾子 可苗	（協会サイトに記載なし）	漆	本会員	—	http://www.gendaikougei.or.jp/member2.html
現代工芸	小倉 敏江	（協会サイトに記載なし）	漆	本会員	同姓: 小倉遊亀	http://www.gendaikougei.or.jp/member2.html
現代工芸	加茂 薫	（協会サイトに記載なし）	漆	本会員	—	http://www.gendaikougei.or.jp/member2.html
現代工芸	齋藤 卯乃	（協会サイトに記載なし）	漆	本会員	—	http://www.gendaikougei.or.jp/member2.html
現代工芸	佐々木 信也	（協会サイトに記載なし）	漆	本会員	同姓: 佐々木象堂	http://www.gendaikougei.or.jp/member2.html
現代工芸	佐藤 達雄	（協会サイトに記載なし）	漆	本会員	同姓: 佐藤玄々・佐藤忠良・佐藤太清	http://www.gendaikougei.or.jp/member2.html
現代工芸	関口 雄希	（協会サイトに記載なし）	漆	本会員	—	http://www.gendaikougei.or.jp/member2.html
現代工芸	田中 貴司	（協会サイトに記載なし）	漆	本会員	同姓: 田中一村・田中保・田中塊堂	http://www.gendaikougei.or.jp/member2.html
現代工芸	東条 隆一	（協会サイトに記載なし）	漆	本会員	—	http://www.gendaikougei.or.jp/member2.html
現代工芸	冨田 忠志	（協会サイトに記載なし）	漆	本会員	—	http://www.gendaikougei.or.jp/member2.html
現代工芸	豊澤 大志郎	（協会サイトに記載なし）	漆	本会員	—	http://www.gendaikougei.or.jp/member2.html
現代工芸	丹羽 清美	（協会サイトに記載なし）	漆	本会員	同姓: 丹羽海鶴	http://www.gendaikougei.or.jp/member2.html
現代工芸	舟越 一生	（協会サイトに記載なし）	漆	本会員	同姓: 舟越保武	http://www.gendaikougei.or.jp/member2.html
現代工芸	前田 安孝	（協会サイトに記載なし）	漆	本会員	同姓: 前田青邨・前田寛治・前田真三	http://www.gendaikougei.or.jp/member2.html
現代工芸	横井 都	（協会サイトに記載なし）	漆	本会員	—	http://www.gendaikougei.or.jp/member2.html
現代工芸	岡﨑 まりこ	（協会サイトに記載なし）	人形	本会員	—	http://www.gendaikougei.or.jp/member2.html
現代工芸	栗本 美和	（協会サイトに記載なし）	人形	本会員	—	http://www.gendaikougei.or.jp/member2.html
現代工芸	田中 直美	（協会サイトに記載なし）	人形	本会員	同姓: 田中一村・田中保・田中塊堂	http://www.gendaikougei.or.jp/member2.html
現代工芸	中林 雅代	（協会サイトに記載なし）	人形	本会員	同姓: 中林梧竹	http://www.gendaikougei.or.jp/member2.html
現代工芸	八田 洋子	（協会サイトに記載なし）	人形	本会員	—	http://www.gendaikougei.or.jp/member2.html
現代工芸	林 明代	（協会サイトに記載なし）	人形	本会員	—	http://www.gendaikougei.or.jp/member2.html
現代工芸	福田 文子	（協会サイトに記載なし）	人形	本会員	同姓: 福田平八郎・福田豊四郎・福田繁雄	http://www.gendaikougei.or.jp/member2.html
現代工芸	増尾 典子	（協会サイトに記載なし）	人形	本会員	—	http://www.gendaikougei.or.jp/member2.html
現代工芸	生田 淑子	（協会サイトに記載なし）	革	本会員	—	http://www.gendaikougei.or.jp/member2.html
現代工芸	田中 かのこ	（協会サイトに記載なし）	革	本会員	同姓: 田中一村・田中保・田中塊堂	http://www.gendaikougei.or.jp/member2.html
現代工芸	中村 茂子	（協会サイトに記載なし）	革	本会員	同姓: 中村岳陵・中村大三郎・中村正義	http://www.gendaikougei.or.jp/member2.html
現代工芸	中村 ノリコ	（協会サイトに記載なし）	革	本会員	同姓: 中村岳陵・中村大三郎・中村正義	http://www.gendaikougei.or.jp/member2.html
現代工芸	平野 淑子	（協会サイトに記載なし）	革	本会員	—	http://www.gendaikougei.or.jp/member2.html
現代工芸	松原 百合子	（協会サイトに記載なし）	革	本会員	—	http://www.gendaikougei.or.jp/member2.html
現代工芸	阿部 順子	（協会サイトに記載なし）	七宝	本会員	—	http://www.gendaikougei.or.jp/member2.html
現代工芸	加納 由美子	（協会サイトに記載なし）	七宝	本会員	—	http://www.gendaikougei.or.jp/member2.html
現代工芸	福田 典子	（協会サイトに記載なし）	七宝	本会員	同姓: 福田平八郎・福田豊四郎・福田繁雄	http://www.gendaikougei.or.jp/member2.html
現代工芸	山村 倫代	（協会サイトに記載なし）	七宝	本会員	—	http://www.gendaikougei.or.jp/member2.html
現代工芸	海川 盛利	（協会サイトに記載なし）	木・竹・籐	本会員	—	http://www.gendaikougei.or.jp/member2.html
現代工芸	加納 義晴	（協会サイトに記載なし）	木・竹・籐	本会員	—	http://www.gendaikougei.or.jp/member2.html
現代工芸	下坂 邦和	（協会サイトに記載なし）	木・竹・籐	本会員	—	http://www.gendaikougei.or.jp/member2.html
現代工芸	鈴木 良一	（協会サイトに記載なし）	木・竹・籐	本会員	同姓: 鈴木千賀子・鈴木信太郎・鈴木翠軒	http://www.gendaikougei.or.jp/member2.html
現代工芸	髙橋 本榮	（協会サイトに記載なし）	木・竹・籐	本会員	—	http://www.gendaikougei.or.jp/member2.html
現代工芸	竹河 いみ子	（協会サイトに記載なし）	木・竹・籐	本会員	—	http://www.gendaikougei.or.jp/member2.html
現代工芸	土橋 恵	（協会サイトに記載なし）	木・竹・籐	本会員	—	http://www.gendaikougei.or.jp/member2.html
現代工芸	林 惠美子	（協会サイトに記載なし）	木・竹・籐	本会員	—	http://www.gendaikougei.or.jp/member2.html
現代工芸	松田 富行	（協会サイトに記載なし）	木・竹・籐	本会員	同姓: 松田権六	http://www.gendaikougei.or.jp/member2.html
現代工芸	森 賢一	（協会サイトに記載なし）	木・竹・籐	本会員	—	http://www.gendaikougei.or.jp/member2.html
現代工芸	横山 幹	（協会サイトに記載なし）	木・竹・籐	本会員	同姓: 横山大観・横山操・横山松三郎	http://www.gendaikougei.or.jp/member2.html
現代工芸	秋永 尚子	（協会サイトに記載なし）	ガラス・紙・ジュエリー・その他	本会員	—	http://www.gendaikougei.or.jp/member2.html
現代工芸	阿部 泉	（協会サイトに記載なし）	ガラス・紙・ジュエリー・その他	本会員	—	http://www.gendaikougei.or.jp/member2.html
現代工芸	上前 功夫	（協会サイトに記載なし）	ガラス・紙・ジュエリー・その他	本会員	同姓: 上前智祐	http://www.gendaikougei.or.jp/member2.html
現代工芸	小口 隆史	（協会サイトに記載なし）	ガラス・紙・ジュエリー・その他	本会員	—	http://www.gendaikougei.or.jp/member2.html
現代工芸	何 穎斯	（協会サイトに記載なし）	ガラス・紙・ジュエリー・その他	本会員	—	http://www.gendaikougei.or.jp/member2.html
現代工芸	梶谷 由起	（協会サイトに記載なし）	ガラス・紙・ジュエリー・その他	本会員	—	http://www.gendaikougei.or.jp/member2.html
現代工芸	黒木 房子	（協会サイトに記載なし）	ガラス・紙・ジュエリー・その他	本会員	—	http://www.gendaikougei.or.jp/member2.html
現代工芸	近藤 佐起江	（協会サイトに記載なし）	ガラス・紙・ジュエリー・その他	本会員	同姓: 近藤悠三・近藤雪竹	http://www.gendaikougei.or.jp/member2.html
現代工芸	桜井 美智子	（協会サイトに記載なし）	ガラス・紙・ジュエリー・その他	本会員	同姓: 桜井祐一	http://www.gendaikougei.or.jp/member2.html
現代工芸	佐藤 洋子	（協会サイトに記載なし）	ガラス・紙・ジュエリー・その他	本会員	同姓: 佐藤玄々・佐藤忠良・佐藤太清	http://www.gendaikougei.or.jp/member2.html
現代工芸	鈴木 義之	（協会サイトに記載なし）	ガラス・紙・ジュエリー・その他	本会員	同姓: 鈴木千賀子・鈴木信太郎・鈴木翠軒	http://www.gendaikougei.or.jp/member2.html
現代工芸	細井 基夫	（協会サイトに記載なし）	ガラス・紙・ジュエリー・その他	本会員	—	http://www.gendaikougei.or.jp/member2.html
現代工芸	松本 梨江	（協会サイトに記載なし）	ガラス・紙・ジュエリー・その他	本会員	同姓: 松本竣介・松本芳翠	http://www.gendaikougei.or.jp/member2.html
現代工芸	六谷 春樹	（協会サイトに記載なし）	ガラス・紙・ジュエリー・その他	本会員	—	http://www.gendaikougei.or.jp/member2.html