ページ名,リンクの表示文言,リンク先URL,設置場所
"home","コンテンツに進む","https://atspect.com/#MainContent","本文"
"home","日本語","https://atspect.com/?lang=ja","ヘッダー"
"home","English","https://atspect.com/?lang=en","ヘッダー"
"home","简体中文","https://atspect.com/?lang=zh-cn","ヘッダー"
"home","繁體中文","https://atspect.com/?lang=zh-tw","ヘッダー"
"home","한국어","https://atspect.com/?lang=ko","ヘッダー"
"home","Français","https://atspect.com/?lang=fr","ヘッダー"
"home","Español","https://atspect.com/?lang=es","ヘッダー"
"home","Deutsch","https://atspect.com/?lang=de","ヘッダー"
"home","","https://atspect.com/","ヘッダー"
"home","","https://atspect.com/pages/wishlist","ヘッダー"
"home","","https://atspect.com/customer_authentication/redirect?locale=ja&region_country=JP","ヘッダー"
"home","カート","https://atspect.com/cart","ヘッダー"
"home","カートを見る","https://atspect.com/cart","ヘッダー"
"home","作家を探す","https://atspect.com/pages/artists","ヘッダー"
"home","作品を探す","https://atspect.com/collections/all","ヘッダー"
"home","あつぺくとについて","https://atspect.com/pages/about","ヘッダー"
"home","お問い合わせ","https://atspect.com/pages/contact","ヘッダー"
"home","作家の方へ","https://atspect.com/pages/artist-guide","ヘッダー"
"home","作家を探す Artists 艺术家 藝術家 작가 Artistes Artistas Künstler","https://atspect.com/pages/artists","本文"
"home","あつぺくとについて About ATSPECT 关于 ATSPECT 關於 ATSPECT ATSPECT 소개 À propos d'ATSPECT Acerca de ATSPECT Über ATSPECT","https://atspect.com/pages/about","本文"
"home","絵画 Painting 绘画 繪畫 회화 Peinture Pintura Malerei","https://atspect.com/collections/all?genre=%E7%B5%B5%E7%94%BB","本文"
"home","彫刻 Sculpture 雕塑 雕塑 조각 Sculpture Escultura Skulptur","https://atspect.com/collections/all?genre=%E5%BD%AB%E5%88%BB","本文"
"home","工芸 Craft Art 工艺美术 工藝美術 공예 Arts décoratifs Artes decorativas Kunsthandwerk","https://atspect.com/collections/all?genre=%E5%B7%A5%E8%8A%B8","本文"
"home","書 Japanese Calligraphy 书法 書法 서예 Calligraphie japonaise Caligrafía japonesa Japanische Kalligrafie","https://atspect.com/collections/all?genre=%E6%9B%B8","本文"
"home","写真 Photography 摄影 攝影 사진 Photographie Fotografía Fotografie","https://atspect.com/collections/all?genre=%E5%86%99%E7%9C%9F","本文"
"home","デザイン Design 设计 設計 디자인 Design Diseño Design","https://atspect.com/collections/all?genre=%E3%83%87%E3%82%B6%E3%82%A4%E3%83%B3","本文"
"home","現代美術 Contemporary Art 当代艺术 當代藝術 현대미술 Art contemporain Arte contemporáneo Zeitgenössische Kunst","https://atspect.com/collections/all?genre=%E7%8F%BE%E4%BB%A3%E7%BE%8E%E8%A1%93","本文"
"home","建築 Architecture 建筑 建築 건축 Architecture Arquitectura Architektur","https://atspect.com/collections/all?genre=%E5%BB%BA%E7%AF%89","本文"
"home","鈴木 千賀子Chikako Suzuki《カエル仏》《Frog Buddha》ヒノキ・彩色・箔 H 24 × W 30 × D 25 cmJapanese cypress (hinoki), polychromy, gold leaf H 24 × W 30 × D 25 cm (9.4 × 11.8 × 9.8 in)桧木・彩色・金箔 高24×宽30×深25厘米檜木・彩色・金箔 高24×寬30×深25cm히노키(편백나무)・채색・금박 H 24 × W 30 × D 25 cmCyprès japonais (hinoki), polychromie, feuille d'or H 24 × L 30 × P 25 cmCiprés japonés (hinoki), policromía, pan de oro Al 24 × An 30 × Pr 25 cmJapanese cypress (hinoki), polychromy, gold leaf H 24 × B 30 × T 25 cm","https://atspect.com/products/kaeru-butsu","本文"
"home","鈴木 千賀子Chikako Suzuki《かけくらべ》《A Lively Race》ヒノキ・彩色・箔 H 28 × W 25 × D 15 cmJapanese cypress (hinoki), polychromy, gold leaf H 28 × W 25 × D 15 cm (11 × 9.8 × 5.9 in)桧木・彩色・金箔 高28×宽25×深15厘米檜木・彩色・金箔 高28×寬25×深15cm히노키(편백나무)・채색・금박 H 28 × W 25 × D 15 cmCyprès japonais (hinoki), polychromie, feuille d'or H 28 × L 25 × P 15 cmCiprés japonés (hinoki), policromía, pan de oro Al 28 × An 25 × Pr 15 cmJapanese cypress (hinoki), polychromy, gold leaf H 28 × B 25 × T 15 cm","https://atspect.com/products/kakekurabe","本文"
"home","鈴木 千賀子Chikako Suzuki《舟奏楽》《Boat Music》バルサ・彩色・箔 H 23 × W 53 × D 23 cmBalsa wood, polychromy, gold leaf H 23 × W 53 × D 23 cm (9.1 × 20.9 × 9.1 in)巴尔沙木・彩色・金箔 高23×宽53×深23厘米巴爾沙木・彩色・金箔 高23×寬53×深23cm발사 나무・채색・금박 H 23 × W 53 × D 23 cmBois de balsa, polychromie, feuille d'or H 23 × L 53 × P 23 cmMadera de balsa, policromía, pan de oro Al 23 × An 53 × Pr 23 cmBalsa wood, polychromy, gold leaf H 23 × B 53 × T 23 cm","https://atspect.com/products/funasogaku","本文"
"home","作品を見る View works 查看作品 查看作品 작품 보기 Voir les œuvres Ver las obras Werke ansehen","https://atspect.com/collections/all","本文"
"home","映像を見る（YouTube）Watch the film (YouTube)观看影片（YouTube）觀看影片（YouTube）영상 보기 (YouTube)Voir la vidéo (YouTube)Ver el vídeo (YouTube)Video ansehen (YouTube)","https://www.youtube.com/@%E3%81%82%E3%81%A4%E3%81%BA%E3%81%8F%E3%81%A8","フッター"
"home","よくある質問FAQ常见问题常見問題자주 묻는 질문Questions fréquentesPreguntas frecuentesHäufige Fragen","https://atspect.com/pages/faq","フッター"
"home","プレスPress媒体媒體프레스PressePrensaPresse","https://atspect.com/pages/press","フッター"
"home","プライバシーポリシーPrivacy Policy隐私政策隱私權政策개인정보 처리방침Politique de confidentialitéPolítica de privacidadDatenschutzerklärung","https://atspect.com/pages/privacy","フッター"
"home","特定商取引法に基づく表記Legal Notice (Commercial Transactions)基于特定商业交易法的标示基於特定商業交易法の標示특정상거래법에 따른 표시Mentions légales (transactions commerciales)Aviso legal (transacciones comerciales)Rechtliche Hinweise (Handelsgeschäfte)","https://atspect.com/pages/tokushoho","フッター"
"home","古物営業法に基づく表示Secondhand Goods Business Act Notice基于旧物营业法的标示基於舊物營業法的標示고물영업법에 따른 표시Mentions légales (objets d'occasion)Aviso legal (artículos de segunda mano)Rechtliche Hinweise (Gebrauchtwarenhandel)","https://atspect.com/pages/tokushoho#kobutsu-hyoji","フッター"
"home","作家の方へ","https://atspect.com/pages/artist-guide","フッター"
"home","日本語","https://atspect.com/?lang=ja","フッター"
"home","English","https://atspect.com/?lang=en","フッター"
"home","简体中文","https://atspect.com/?lang=zh-cn","フッター"
"home","繁體中文","https://atspect.com/?lang=zh-tw","フッター"
"home","한국어","https://atspect.com/?lang=ko","フッター"
"home","Français","https://atspect.com/?lang=fr","フッター"
"home","Español","https://atspect.com/?lang=es","フッター"
"home","Deutsch","https://atspect.com/?lang=de","フッター"
"home","お問い合わせContact Us联系我们聯絡我們문의하기Nous contacterContactoKontakt","https://atspect.com/pages/contact","フッター"
"home","Operated by","https://atspect.co.jp/","フッター"
"artists","コンテンツに進む","https://atspect.com/pages/artists#MainContent","本文"
"artists","日本語","https://atspect.com/pages/artists?lang=ja","ヘッダー"
"artists","English","https://atspect.com/pages/artists?lang=en","ヘッダー"
"artists","简体中文","https://atspect.com/pages/artists?lang=zh-cn","ヘッダー"
"artists","繁體中文","https://atspect.com/pages/artists?lang=zh-tw","ヘッダー"
"artists","한국어","https://atspect.com/pages/artists?lang=ko","ヘッダー"
"artists","Français","https://atspect.com/pages/artists?lang=fr","ヘッダー"
"artists","Español","https://atspect.com/pages/artists?lang=es","ヘッダー"
"artists","Deutsch","https://atspect.com/pages/artists?lang=de","ヘッダー"
"artists","","https://atspect.com/","ヘッダー"
"artists","","https://atspect.com/pages/wishlist","ヘッダー"
"artists","","https://atspect.com/customer_authentication/redirect?locale=ja&region_country=JP","ヘッダー"
"artists","カート","https://atspect.com/cart","ヘッダー"
"artists","カートを見る","https://atspect.com/cart","ヘッダー"
"artists","作家を探す","https://atspect.com/pages/artists","ヘッダー"
"artists","作品を探す","https://atspect.com/collections/all","ヘッダー"
"artists","あつぺくとについて","https://atspect.com/pages/about","ヘッダー"
"artists","お問い合わせ","https://atspect.com/pages/contact","ヘッダー"
"artists","作家の方へ","https://atspect.com/pages/artist-guide","ヘッダー"
"artists","相田 みつを1924–1991Aida Mitsuo書","https://atspect.com/pages/artist/aida-mitsuo","本文"
"artists","宮脇 愛子1929–2014Miyawaki Aiko現代美術","https://atspect.com/pages/artist/aiko-miyawaki","本文"
"artists","靉光1907–1946Aimitsu絵画","https://atspect.com/pages/artist/aimitsu","本文"
"artists","会津 八一1881–1956Aizu Yaichi書","https://atspect.com/pages/artist/aizu-yaichi","本文"
"artists","赤地 友哉1906–1984Akaji Yusai工芸","https://atspect.com/pages/artist/akaji-yusai","本文"
"artists","秋野 不矩1908–2001Akino Fuku絵画","https://atspect.com/pages/artist/akino-fuku","本文"
"artists","秋岡 芳夫1920–1997Akioka Yoshioデザイン","https://atspect.com/pages/artist/akioka-yoshio","本文"
"artists","金山 明1924–2006Kanayama Akira現代美術","https://atspect.com/pages/artist/akira-kanayama","本文"
"artists","秋山 庄太郎1920–2003Akiyama Shotaro写真","https://atspect.com/pages/artist/akiyama-shotaro","本文"
"artists","雨田 光平1893–1985Amada Kohei彫刻","https://atspect.com/pages/artist/amada-kohei","本文"
"artists","天田 昭次1927–2013Amata Akitsugu工芸","https://atspect.com/pages/artist/amata-akitsugu","本文"
"artists","雨宮 治郎1889–1970Amemiya Jiro彫刻","https://atspect.com/pages/artist/amemiya-jiro","本文"
"artists","雨宮 敬子1931–2019Amemiya Keiko彫刻","https://atspect.com/pages/artist/amemiya-keiko","本文"
"artists","安東 聖空1893–1983Ando Seiku書","https://atspect.com/pages/artist/ando-seiku","本文"
"artists","安西 水丸1942–2014Anzai Mizumaruデザイン","https://atspect.com/pages/artist/anzai-mizumaru","本文"
"artists","青木 繁1882–1911Aoki Shigeru絵画","https://atspect.com/pages/artist/aoki-shigeru","本文"
"artists","青山 杉雨1912–1993Aoyama San'u書","https://atspect.com/pages/artist/aoyama-san-u","本文"
"artists","荒川 豊蔵1894–1985Arakawa Toyozo工芸","https://atspect.com/pages/artist/arakawa-toyozo","本文"
"artists","荒木 十畝1872–1944Araki Jippo絵画","https://atspect.com/pages/artist/araki-jippo","本文"
"artists","荒木 寛畝1831–1915Araki Kanpo絵画","https://atspect.com/pages/artist/araki-kanpo","本文"
"artists","有島 生馬1882–1974Arishima Ikuma絵画","https://atspect.com/pages/artist/arishima-ikuma","本文"
"artists","麻田 鷹司1928–1987Asada Takashi絵画","https://atspect.com/pages/artist/asada-takashi","本文"
"artists","浅井 忠1856–1907Asai Chu絵画","https://atspect.com/pages/artist/asai-chu","本文"
"artists","朝倉 文夫1883–1964Asakura Fumio彫刻","https://atspect.com/pages/artist/asakura-fumio","本文"
"artists","浅蔵 五十吉1913–1998Asakura Isokichi工芸","https://atspect.com/pages/artist/asakura-isokichi","本文"
"artists","芦田 淳1930–2018Ashida Junデザイン","https://atspect.com/pages/artist/ashida-jun","本文"
"artists","麻生 三郎1913–2000Aso Saburo絵画","https://atspect.com/pages/artist/aso-saburo","本文"
"artists","田中 敦子1932–2005Tanaka Atsuko現代美術","https://atspect.com/pages/artist/atsuko-tanaka","本文"
"artists","粟津 潔1929–2009Awazu Kiyoshiデザイン","https://atspect.com/pages/artist/awazu-kiyoshi","本文"
"artists","吾妻 兼治郎1926–2016Azuma Kenjiro彫刻","https://atspect.com/pages/artist/azuma-kenjiro","本文"
"artists","豊道 春海1878–1970Bundo Shunkai書","https://atspect.com/pages/artist/bundo-shunkai","本文"
"artists","上前 智祐1920–2018Uemae Chiyu現代美術","https://atspect.com/pages/artist/chiyu-uemae","本文"
"artists","長 大作1921–2014Cho Daisakuデザイン","https://atspect.com/pages/artist/cho-daisaku","本文"
"artists","鳥海 青児1902–1972Chokai Seiji絵画","https://atspect.com/pages/artist/chokai-seiji","本文"
"artists","帖佐 美行1915–2002Chosa Yoshiyuki工芸","https://atspect.com/pages/artist/chosa-yoshiyuki","本文"
"artists","土門 拳1909–1990Domon Ken写真","https://atspect.com/pages/artist/domon-ken","本文"
"artists","堂本 印象1891–1975Domoto Insho絵画","https://atspect.com/pages/artist/domoto-insho","本文"
"artists","海老原 喜之助1904–1970Ebihara Kinosuke絵画","https://atspect.com/pages/artist/ebihara-kinosuke","本文"
"artists","江口 週1932–2015Eguchi Shu彫刻","https://atspect.com/pages/artist/eguchi-shu","本文"
"artists","江口 草玄1919–2018Eguchi Sogen書","https://atspect.com/pages/artist/eguchi-sogen","本文"
"artists","瑛九1911–1960Ei-Q現代美術","https://atspect.com/pages/artist/ei-q","本文"
"artists","榮久庵 憲司1929–2015Ekuan Kenjiデザイン","https://atspect.com/pages/artist/ekuan-kenji","本文"
"artists","圓鍔 勝三1905–2003Entsuba Katsuzo彫刻","https://atspect.com/pages/artist/entsuba-katsuzo","本文"
"artists","江里 佐代子1945–2007Eri Sayoko工芸","https://atspect.com/pages/artist/eri-sayoko","本文"
"artists","淵上 白陽1889–1960Fuchikami Hakuyo写真","https://atspect.com/pages/artist/fuchikami-hakuyo","本文"
"artists","藤川 勇造1883–1935Fujikawa Yuzo彫刻","https://atspect.com/pages/artist/fujikawa-yuzo","本文"
"artists","藤本 四八1911–2006Fujimoto Shihachi写真","https://atspect.com/pages/artist/fujimoto-shihachi","本文"
"artists","藤本 能道1919–1992Fujimoto Yoshimichi工芸","https://atspect.com/pages/artist/fujimoto-yoshimichi","本文"
"artists","藤島 武二1867–1943Fujishima Takeji絵画","https://atspect.com/pages/artist/fujishima-takeji","本文"
"artists","藤田 喬平1921–2004Fujita Kyohei工芸","https://atspect.com/pages/artist/fujita-kyohei","本文"
"artists","藤田 嗣治1886–1968Fujita Tsuguharu絵画","https://atspect.com/pages/artist/fujita-tsuguharu","本文"
"artists","藤原 啓1899–1983Fujiwara Kei工芸","https://atspect.com/pages/artist/fujiwara-kei","本文"
"artists","藤原 雄1932–2001Fujiwara Yu工芸","https://atspect.com/pages/artist/fujiwara-yu","本文"
"artists","深瀬 昌久1934–2012Fukase Masahisa写真","https://atspect.com/pages/artist/fukase-masahisa","本文"
"artists","深山 龍洞1903–1980Miyama Ryudo書","https://atspect.com/pages/artist/fukayama-ryudo","本文"
"artists","福田 平八郎1892–1974Fukuda Heihachiro絵画","https://atspect.com/pages/artist/fukuda-heihachiro","本文"
"artists","福田 繁雄1932–2009Fukuda Shigeoデザイン","https://atspect.com/pages/artist/fukuda-shigeo","本文"
"artists","福田 豊四郎1904–1970Fukuda Toyoshiro絵画","https://atspect.com/pages/artist/fukuda-toyoshiro","本文"
"artists","福原 路草1892–1946Fukuhara Roso写真","https://atspect.com/pages/artist/fukuhara-roso","本文"
"artists","福原 信三1883–1948Fukuhara Shinzo写真","https://atspect.com/pages/artist/fukuhara-shinzo","本文"
"artists","福王寺 法林1920–2012Fukuoji Horin絵画","https://atspect.com/pages/artist/fukuoji-horin","本文"
"artists","福島 秀子1927–1997Fukushima Hideko現代美術","https://atspect.com/pages/artist/fukushima-hideko","本文"
"artists","福島 菊次郎1921–2015Fukushima Kikujiro写真","https://atspect.com/pages/artist/fukushima-kikujiro","本文"
"artists","福沢 一郎1898–1992Fukuzawa Ichiro絵画","https://atspect.com/pages/artist/fukuzawa-ichiro","本文"
"artists","舟越 保武1912–2002Funakoshi Yasutake彫刻","https://atspect.com/pages/artist/funakoshi-yasutake","本文"
"artists","不染 鉄1891–1976Fusen Tetsu絵画","https://atspect.com/pages/artist/fusen-tetsu","本文"
"artists","二川 幸夫1932–2013Futagawa Yukio写真","https://atspect.com/pages/artist/futagawa-yukio","本文"
"artists","赤瀬川 原平1937–2014Akasegawa Genpei現代美術","https://atspect.com/pages/artist/genpei-akasegawa","本文"
"artists","牛腸 茂雄1946–1983Gocho Shigeo写真","https://atspect.com/pages/artist/gocho-shigeo","本文"
"artists","郷倉 千靱1892–1975Gokura Senjin絵画","https://atspect.com/pages/artist/gokura-senjin","本文"
"artists","五姓田 義松1855–1915Goseda Yoshimatsu絵画","https://atspect.com/pages/artist/goseda-yoshimatsu","本文"
"artists","後藤 純男1930–2016Goto Sumio絵画","https://atspect.com/pages/artist/goto-sumio","本文"
"artists","芳賀 日出男1921–2022Haga Hideo写真","https://atspect.com/pages/artist/haga-hideo","本文"
"artists","浜田 知明1917–2018Hamada Chimei現代美術","https://atspect.com/pages/artist/hamada-chimei","本文"
"artists","濱田 庄司1894–1978Hamada Shoji工芸","https://atspect.com/pages/artist/hamada-shoji","本文"
"artists","濱谷 浩1915–1999Hamaya Hiroshi写真","https://atspect.com/pages/artist/hamaya-hiroshi","本文"
"artists","花森 安治1911–1978Hanamori Yasujiデザイン","https://atspect.com/pages/artist/hanamori-yasuji","本文"
"artists","原 弘1903–1986Hara Hiromuデザイン","https://atspect.com/pages/artist/hara-hiromu","本文"
"artists","原田 直次郎1863–1899Harada Naojiro絵画","https://atspect.com/pages/artist/harada-naojiro","本文"
"artists","原田 治1946–2016Harada Osamuデザイン","https://atspect.com/pages/artist/harada-osamu","本文"
"artists","橋口 五葉1880–1921Hashiguchi Goyoデザイン","https://atspect.com/pages/artist/hashiguchi-goyo","本文"
"artists","橋本 雅邦1835–1908Hashimoto Gaho絵画","https://atspect.com/pages/artist/hashimoto-gaho","本文"
"artists","橋本 平八1897–1935Hashimoto Heihachi彫刻","https://atspect.com/pages/artist/hashimoto-heihachi","本文"
"artists","橋本 関雪1883–1945Hashimoto Kansetsu絵画","https://atspect.com/pages/artist/hashimoto-kansetsu","本文"
"artists","橋本 明治1904–1991Hashimoto Meiji絵画","https://atspect.com/pages/artist/hashimoto-meiji","本文"
"artists","蓮田 修吾郎1915–2010Hasuda Shugoro工芸","https://atspect.com/pages/artist/hasuda-shugoro","本文"
"artists","羽田 登喜男1911–2008Hata Tokio工芸","https://atspect.com/pages/artist/hata-tokio","本文"
"artists","早川 良雄1917–2009Hayakawa Yoshioデザイン","https://atspect.com/pages/artist/hayakawa-yoshio","本文"
"artists","速水 御舟1894–1935Hayami Gyoshu絵画","https://atspect.com/pages/artist/hayami-gyoshu","本文"
"artists","林 重義1896–1944Hayashi Shigeyoshi絵画","https://atspect.com/pages/artist/hayashi-shigeyoshi","本文"
"artists","林 倭衛1895–1945Hayashi Shizue絵画","https://atspect.com/pages/artist/hayashi-shizue","本文"
"artists","林 忠彦1918–1990Hayashi Tadahiko写真","https://atspect.com/pages/artist/hayashi-tadahiko","本文"
"artists","林 武1896–1975Hayashi Takeshi絵画","https://atspect.com/pages/artist/hayashi-takeshi","本文"
"artists","硲 伊之助1895–1977Hazama Inosuke絵画","https://atspect.com/pages/artist/hazama-inosuke","本文"
"artists","日比野 五鳳1901–1985Hibino Goho書","https://atspect.com/pages/artist/hibino-goho","本文"
"artists","比田井 南谷1912–1999Hidai Nankoku書","https://atspect.com/pages/artist/hidai-nankoku","本文"
"artists","比田井 小琴1885–1948Hidai Shokin書","https://atspect.com/pages/artist/hidai-shokin","本文"
"artists","比田井 天来1872–1939Hidai Tenrai書","https://atspect.com/pages/artist/hidai-tenrai","本文"
"artists","日高 長太郎1883–1926Hidaka Chotaro写真","https://atspect.com/pages/artist/hidaka-chotaro","本文"
"artists","東山 魁夷1908–1999Higashiyama Kaii絵画","https://atspect.com/pages/artist/higashiyama-kaii","本文"
"artists","氷見 晃堂1906–1975Himi Kodo工芸","https://atspect.com/pages/artist/himi-kodo","本文"
"artists","日名子 実三1892–1945Hinago Jitsuzo彫刻","https://atspect.com/pages/artist/hinago-jitsuzo","本文"
"artists","平福 百穂1877–1933Hirafuku Hyakusui絵画","https://atspect.com/pages/artist/hirafuku-hyakusui","本文"
"artists","平井 輝七1900–1970Hirai Terushichi写真","https://atspect.com/pages/artist/hirai-terushichi","本文"
"artists","平櫛 田中1872–1979Hirakushi Denchu彫刻","https://atspect.com/pages/artist/hirakushi-denchu","本文"
"artists","平田 郷陽1903–1981Hirata Goyo工芸","https://atspect.com/pages/artist/hirata-goyo","本文"
"artists","平山 郁夫1930–2009Hirayama Ikuo絵画","https://atspect.com/pages/artist/hirayama-ikuo","本文"
"artists","廣津 雲仙1910–1989Hirotsu Unsen書","https://atspect.com/pages/artist/hirotsu-unsen","本文"
"artists","堂本 尚郎1928–2013Domoto Hisao現代美術","https://atspect.com/pages/artist/hisao-domoto","本文"
"artists","菱田 春草1874–1911Hishida Shunso絵画","https://atspect.com/pages/artist/hishida-shunso","本文"
"artists","本郷 新1905–1980Hongo Shin彫刻","https://atspect.com/pages/artist/hongo-shin","本文"
"artists","堀 柳女1897–1984Hori Ryujo工芸","https://atspect.com/pages/artist/hori-ryujo","本文"
"artists","堀 進二1890–1978Hori Shinji彫刻","https://atspect.com/pages/artist/hori-shinji","本文"
"artists","堀野 正雄1907–1998Horino Masao写真","https://atspect.com/pages/artist/horino-masao","本文"
"artists","堀内 正和1911–2001Horiuchi Masakazu彫刻","https://atspect.com/pages/artist/horiuchi-masakazu","本文"
"artists","星野 道夫1952–1996Hoshino Michio写真","https://atspect.com/pages/artist/hoshino-michio","本文"
"artists","細江 英公1933–2024Hosoe Eikoh写真","https://atspect.com/pages/artist/hosoe-eikoh","本文"
"artists","一ノ瀬 泰造1947–1973Ichinose Taizo写真","https://atspect.com/pages/artist/ichinose-taizo","本文"
"artists","井田 照一1941–2006Ida Shoichi現代美術","https://atspect.com/pages/artist/ida-shoichi","本文"
"artists","伊原 宇三郎1894–1976Ihara Usaburo絵画","https://atspect.com/pages/artist/ihara-usaburo","本文"
"artists","飯田 善國1923–2006Iida Yoshikuni彫刻","https://atspect.com/pages/artist/iida-yoshikuni","本文"
"artists","飯島 春敬1906–1996Iijima Shunkei書","https://atspect.com/pages/artist/iijima-shunkei","本文"
"artists","飯塚 琅玕斎1890–1958Iizuka Rokansai工芸","https://atspect.com/pages/artist/iizuka-rokansai","本文"
"artists","飯塚 小玕斎1919–2004Iizuka Shokansai工芸","https://atspect.com/pages/artist/iizuka-shokansai","本文"
"artists","池田 満寿夫1934–1997Ikeda Masuo現代美術","https://atspect.com/pages/artist/ikeda-masuo","本文"
"artists","池田 遙邨1895–1988Ikeda Yoson絵画","https://atspect.com/pages/artist/ikeda-yoson","本文"
"artists","池上 秀畝1874–1944Ikegami Shuho絵画","https://atspect.com/pages/artist/ikegami-shuho","本文"
"artists","今井 凌雪1922–2011Imai Ryosetsu書","https://atspect.com/pages/artist/imai-ryosetsu","本文"
"artists","今村 紫紅1880–1916Imamura Shiko絵画","https://atspect.com/pages/artist/imamura-shiko","本文"
"artists","今竹 七郎1905–2000Imatake Shichiroデザイン","https://atspect.com/pages/artist/imatake-shichiro","本文"
"artists","稲垣 稔次郎1902–1963Inagaki Toshijiro工芸","https://atspect.com/pages/artist/inagaki-toshijiro","本文"
"artists","猪熊 弦一郎1902–1993Inokuma Genichiro絵画","https://atspect.com/pages/artist/inokuma-genichiro","本文"
"artists","井上 長三郎1906–1995Inoue Chozaburo絵画","https://atspect.com/pages/artist/inoue-chozaburo","本文"
"artists","井上 有一1916–1985Inoue Yuichi書","https://atspect.com/pages/artist/inoue-yuichi","本文"
"artists","入江 波光1887–1948Irie Hako絵画","https://atspect.com/pages/artist/irie-hako","本文"
"artists","入江 泰吉1905–1992Irie Taikichi写真","https://atspect.com/pages/artist/irie-taikichi","本文"
"artists","イサム・ノグチ1904–1988Isamu Noguchi彫刻","https://atspect.com/pages/artist/isamu-noguchi","本文"
"artists","石黒 宗麿1893–1968Ishiguro Munemaro工芸","https://atspect.com/pages/artist/ishiguro-munemaro","本文"
"artists","石井 柏亭1882–1958Ishii Hakutei絵画","https://atspect.com/pages/artist/ishii-hakutei","本文"
"artists","石井 鶴三1887–1973Ishii Tsuruzo彫刻","https://atspect.com/pages/artist/ishii-tsuruzo","本文"
"artists","石川 寅治1875–1964Ishikawa Toraji絵画","https://atspect.com/pages/artist/ishikawa-toraji","本文"
"artists","石元 泰博1921–2012Ishimoto Yasuhiro写真","https://atspect.com/pages/artist/ishimoto-yasuhiro","本文"
"artists","石岡 瑛子1938–2012Ishioka Eikoデザイン","https://atspect.com/pages/artist/ishioka-eiko","本文"
"artists","石津 良介1907–1986Ishizu Ryosuke写真","https://atspect.com/pages/artist/ishizu-ryosuke","本文"
"artists","磯井 如真1883–1964Isoi Joshin工芸","https://atspect.com/pages/artist/isoi-joshin","本文"
"artists","磯井 正美1926–2018Isoi Masami工芸","https://atspect.com/pages/artist/isoi-masami","本文"
"artists","磯崎 新1931–2022Isozaki Arata建築","https://atspect.com/pages/artist/isozaki-arata","本文"
"artists","板谷 波山1872–1963Itaya Hazan工芸","https://atspect.com/pages/artist/itaya-hazan","本文"
"artists","伊東 忠太1867–1954Ito Chuta建築","https://atspect.com/pages/artist/ito-chuta","本文"
"artists","伊東 茂平1898–1967Ito Moheiデザイン","https://atspect.com/pages/artist/ito-mohei","本文"
"artists","伊東 深水1898–1972Ito Shinsui絵画","https://atspect.com/pages/artist/ito-shinsui","本文"
"artists","伊東 陶山1846–1920Ito Tozan工芸","https://atspect.com/pages/artist/ito-tozan","本文"
"artists","岩橋 英遠1903–1999Iwahashi Eien絵画","https://atspect.com/pages/artist/iwahashi-eien","本文"
"artists","岩宮 武二1920–1989Iwamiya Takeji写真","https://atspect.com/pages/artist/iwamiya-takeji","本文"
"artists","岩崎 巴人1917–2010Iwasaki Hajin絵画","https://atspect.com/pages/artist/iwasaki-hajin","本文"
"artists","岩田 藤七1893–1980Iwata Toshichi工芸","https://atspect.com/pages/artist/iwata-toshichi","本文"
"artists","高松 次郎1936–1998Takamatsu Jiro現代美術","https://atspect.com/pages/artist/jiro-takamatsu","本文"
"artists","吉原 治良1905–1972Yoshihara Jiro現代美術","https://atspect.com/pages/artist/jiro-yoshihara","本文"
"artists","鏑木 清方1878–1972Kaburaki Kiyokata絵画","https://atspect.com/pages/artist/kaburaki-kiyokata","本文"
"artists","各務 鑛三1896–1985Kagami Kozo工芸","https://atspect.com/pages/artist/kagami-kozo","本文"
"artists","影山 光洋1907–1981Kageyama Koyo写真","https://atspect.com/pages/artist/kageyama-koyo","本文"
"artists","鹿児島 寿蔵1898–1982Kagoshima Juzo工芸","https://atspect.com/pages/artist/kagoshima-juzo","本文"
"artists","甲斐荘 楠音1894–1978Kainosho Tadaoto絵画","https://atspect.com/pages/artist/kainosho-tadaoto","本文"
"artists","鹿島 清兵衛1866–1924Kajima Seibei写真","https://atspect.com/pages/artist/kajima-seibei","本文"
"artists","鎌倉 芳太郎1898–1983Kamakura Yoshitaro工芸","https://atspect.com/pages/artist/kamakura-yoshitaro","本文"
"artists","亀倉 雄策1915–1997Kamekura Yusakuデザイン","https://atspect.com/pages/artist/kamekura-yusaku","本文"
"artists","上條 信山1907–1997Kamijo Shinzan書","https://atspect.com/pages/artist/kamijo-shinzan","本文"
"artists","加守田 章二1933–1983Kamoda Shoji工芸","https://atspect.com/pages/artist/kamoda-shoji","本文"
"artists","鴨居 玲1928–1985Kamoi Rei絵画","https://atspect.com/pages/artist/kamoi-rei","本文"
"artists","金丸 重嶺1900–1977Kanamaru Shigene写真","https://atspect.com/pages/artist/kanamaru-shigene","本文"
"artists","金子 鷗亭1906–2001Kaneko Otei書","https://atspect.com/pages/artist/kaneko-otei","本文"
"artists","金重 陶陽1896–1967Kaneshige Toyo工芸","https://atspect.com/pages/artist/kaneshige-toyo","本文"
"artists","狩野 芳崖1828–1888Kano Hogai絵画","https://atspect.com/pages/artist/kano-hogai","本文"
"artists","鹿子木 孟郎1874–1941Kanokogi Takeshiro絵画","https://atspect.com/pages/artist/kanokogi-takeshiro","本文"
"artists","山本 悍右1914–1987Yamamoto Kansuke現代美術","https://atspect.com/pages/artist/kansuke-yamamoto","本文"
"artists","笠置 季男1901–1967Kasagi Sueo彫刻","https://atspect.com/pages/artist/kasagi-sueo","本文"
"artists","鹿島 一谷1898–1996Kashima Ikkoku工芸","https://atspect.com/pages/artist/kashima-ikkoku","本文"
"artists","片岡 球子1905–2008Kataoka Tamako絵画","https://atspect.com/pages/artist/kataoka-tamako","本文"
"artists","堅山 南風1887–1980Katayama Nampu絵画","https://atspect.com/pages/artist/katayama-nampu","本文"
"artists","片山 東熊1854–1917Katayama Tokuma建築","https://atspect.com/pages/artist/katayama-tokuma","本文"
"artists","加藤 栄三1906–1972Kato Eizo絵画","https://atspect.com/pages/artist/kato-eizo","本文"
"artists","加藤 土師萌1900–1968Kato Hajime工芸","https://atspect.com/pages/artist/kato-hajime","本文"
"artists","加藤 顕清1894–1966Kato Kensei彫刻","https://atspect.com/pages/artist/kato-kensei","本文"
"artists","加藤 孝造1935–2023Kato Kozo工芸","https://atspect.com/pages/artist/kato-kozo","本文"
"artists","加藤 卓男1917–2005Kato Takuo工芸","https://atspect.com/pages/artist/kato-takuo","本文"
"artists","加藤 東一1916–1996Kato Toichi絵画","https://atspect.com/pages/artist/kato-toichi","本文"
"artists","加藤 唐九郎1897–1985Kato Tokuro工芸","https://atspect.com/pages/artist/kato-tokuro","本文"
"artists","香取 秀真1874–1954Katori Hotsuma工芸","https://atspect.com/pages/artist/katori-hotsuma","本文"
"artists","香取 正彦1899–1988Katori Masahiko工芸","https://atspect.com/pages/artist/katori-masahiko","本文"
"artists","成田 克彦1944–1992Narita Katsuhiko現代美術","https://atspect.com/pages/artist/katsuhiko-narita","本文"
"artists","山口 勝弘1928–2018Yamaguchi Katsuhiro現代美術","https://atspect.com/pages/artist/katsuhiro-yamaguchi","本文"
"artists","勝井 三雄1931–2019Katsui Mitsuoデザイン","https://atspect.com/pages/artist/katsui-mitsuo","本文"
"artists","桂 由美1930–2024Katsura Yumiデザイン","https://atspect.com/pages/artist/katsura-yumi","本文"
"artists","吉田 克朗1943–1999Yoshida Katsuro現代美術","https://atspect.com/pages/artist/katsuro-yoshida","本文"
"artists","川端 玉章1842–1913Kawabata Gyokusho絵画","https://atspect.com/pages/artist/kawabata-gyokusho","本文"
"artists","川端 龍子1885–1966Kawabata Ryushi絵画","https://atspect.com/pages/artist/kawabata-ryushi","本文"
"artists","川合 玉堂1873–1957Kawai Gyokudo絵画","https://atspect.com/pages/artist/kawai-gyokudo","本文"
"artists","河井 寛次郎1890–1966Kawai Kanjiro工芸","https://atspect.com/pages/artist/kawai-kanjiro","本文"
"artists","川喜田 半泥子1878–1963Kawakita Handeishi工芸","https://atspect.com/pages/artist/kawakita-handeishi","本文"
"artists","河本 五郎1919–1986Kawamoto Goro工芸","https://atspect.com/pages/artist/kawamoto-goro","本文"
"artists","川村 驥山1882–1969Kawamura Kizan書","https://atspect.com/pages/artist/kawamura-kizan","本文"
"artists","川崎 小虎1886–1977Kawasaki Shoko絵画","https://atspect.com/pages/artist/kawasaki-shoko","本文"
"artists","川島 理一郎1886–1971Kawashima Riichiro絵画","https://atspect.com/pages/artist/kawashima-riichiro","本文"
"artists","加山 又造1927–2004Kayama Matazo絵画","https://atspect.com/pages/artist/kayama-matazo","本文"
"artists","香月 泰男1911–1974Kazuki Yasuo絵画","https://atspect.com/pages/artist/kazuki-yasuo","本文"
"artists","白髪 一雄1924–2008Shiraga Kazuo現代美術","https://atspect.com/pages/artist/kazuo-shiraga","本文"
"artists","田名網 敬一1936–2024Tanaami Keiichi現代美術","https://atspect.com/pages/artist/keiichi-tanaami","本文"
"artists","宇佐美 圭司1940–2012Usami Keiji現代美術","https://atspect.com/pages/artist/keiji-usami","本文"
"artists","剣持 勇1912–1971Kenmochi Isamuデザイン","https://atspect.com/pages/artist/kenmochi-isamu","本文"
"artists","菊池 芳文1862–1918Kikuchi Hobun絵画","https://atspect.com/pages/artist/kikuchi-hobun","本文"
"artists","菊池 一雄1908–1985Kikuchi Kazuo彫刻","https://atspect.com/pages/artist/kikuchi-kazuo","本文"
"artists","菊池 契月1879–1955Kikuchi Keigetsu絵画","https://atspect.com/pages/artist/kikuchi-keigetsu","本文"
"artists","菊池 俊吉1916–1990Kikuchi Shunkichi写真","https://atspect.com/pages/artist/kikuchi-shunkichi","本文"
"artists","木村 武山1876–1942Kimura Buzan絵画","https://atspect.com/pages/artist/kimura-buzan","本文"
"artists","木村 伊兵衛1901–1974Kimura Ihei写真","https://atspect.com/pages/artist/kimura-ihei","本文"
"artists","木村 荘八1893–1958Kimura Shohachi絵画","https://atspect.com/pages/artist/kimura-shohachi","本文"
"artists","木村 恒久1928–2008Kimura Tsunehisaデザイン","https://atspect.com/pages/artist/kimura-tsunehisa","本文"
"artists","木村 雨山1891–1977Kimura Uzan工芸","https://atspect.com/pages/artist/kimura-uzan","本文"
"artists","木下 繁1908–1988Kinoshita Shigeru彫刻","https://atspect.com/pages/artist/kinoshita-shigeru","本文"
"artists","木内 克1892–1977Kinouchi Yoshi彫刻","https://atspect.com/pages/artist/kinouchi-yoshi","本文"
"artists","岸田 劉生1891–1929Kishida Ryusei絵画","https://atspect.com/pages/artist/kishida-ryusei","本文"
"artists","北代 省三1921–2001Kitadai Shozo現代美術","https://atspect.com/pages/artist/kitadai-shozo","本文"
"artists","北出 塔次郎1898–1968Kitade Tojiro工芸","https://atspect.com/pages/artist/kitade-tojiro","本文"
"artists","北村 治禧1915–2001Kitamura Haruyoshi彫刻","https://atspect.com/pages/artist/kitamura-haruyoshi","本文"
"artists","北村 西望1884–1987Kitamura Seibo彫刻","https://atspect.com/pages/artist/kitamura-seibo","本文"
"artists","北村 四海1871–1927Kitamura Shikai彫刻","https://atspect.com/pages/artist/kitamura-shikai","本文"
"artists","北村 武資1935–2022Kitamura Takeshi工芸","https://atspect.com/pages/artist/kitamura-takeshi","本文"
"artists","北野 恒富1880–1947Kitano Tsunetomi絵画","https://atspect.com/pages/artist/kitano-tsunetomi","本文"
"artists","北大路 魯山人1883–1959Kitaoji Rosanjin工芸","https://atspect.com/pages/artist/kitaoji-rosanjin","本文"
"artists","鬼頭 鍋三郎1899–1982Kito Nabesaburo絵画","https://atspect.com/pages/artist/kito-nabesaburo","本文"
"artists","小林 かいち1896–1968Kobayashi Kaichiデザイン","https://atspect.com/pages/artist/kobayashi-kaichi","本文"
"artists","小林 古径1883–1957Kobayashi Kokei絵画","https://atspect.com/pages/artist/kobayashi-kokei","本文"
"artists","小林 斗盦1916–2007Kobayashi Toan書","https://atspect.com/pages/artist/kobayashi-toan","本文"
"artists","小林 和作1888–1974Kobayashi Wasaku絵画","https://atspect.com/pages/artist/kobayashi-wasaku","本文"
"artists","児玉 博1909–1992Kodama Hiroshi工芸","https://atspect.com/pages/artist/kodama-hiroshi","本文"
"artists","児玉 希望1898–1971Kodama Kibo絵画","https://atspect.com/pages/artist/kodama-kibo","本文"
"artists","古賀 春江1895–1933Koga Harue絵画","https://atspect.com/pages/artist/koga-harue","本文"
"artists","古賀 忠雄1903–1979Koga Tadao彫刻","https://atspect.com/pages/artist/koga-tadao","本文"
"artists","小出 楢重1887–1931Koide Narashige絵画","https://atspect.com/pages/artist/koide-narashige","本文"
"artists","小池 岩太郎1913–1992Koike Iwataroデザイン","https://atspect.com/pages/artist/koike-iwataro","本文"
"artists","小石 清1908–1957Koishi Kiyoshi写真","https://atspect.com/pages/artist/koishi-kiyoshi","本文"
"artists","小磯 良平1903–1988Koiso Ryohei絵画","https://atspect.com/pages/artist/koiso-ryohei","本文"
"artists","榎倉 康二1942–1995Enokura Koji現代美術","https://atspect.com/pages/artist/koji-enokura","本文"
"artists","児島 善三郎1893–1962Kojima Zenzaburo絵画","https://atspect.com/pages/artist/kojima-zenzaburo","本文"
"artists","須田 剋太1906–1990Suda Kokuta現代美術","https://atspect.com/pages/artist/kokuta-suda","本文"
"artists","駒井 哲郎1920–1976Komai Tetsuro現代美術","https://atspect.com/pages/artist/komai-tetsuro","本文"
"artists","小宮 康助1882–1961Komiya Kosuke工芸","https://atspect.com/pages/artist/komiya-kosuke","本文"
"artists","小宮 康孝1925–2017Komiya Yasutaka工芸","https://atspect.com/pages/artist/komiya-yasutaka","本文"
"artists","近藤 雪竹1863–1928Kondo Sechiku書","https://atspect.com/pages/artist/kondo-sechiku","本文"
"artists","近藤 悠三1902–1985Kondo Yuzo工芸","https://atspect.com/pages/artist/kondo-yuzo","本文"
"artists","2","https://atspect.com/pages/artists?page_55051f25=2","本文"
"artists","3","https://atspect.com/pages/artists?page_55051f25=3","本文"
"artists","次 »","https://atspect.com/pages/artists?page_55051f25=2","本文"
"artists","よくある質問FAQ常见问题常見問題자주 묻는 질문Questions fréquentesPreguntas frecuentesHäufige Fragen","https://atspect.com/pages/faq","フッター"
"artists","プレスPress媒体媒體프레스PressePrensaPresse","https://atspect.com/pages/press","フッター"
"artists","プライバシーポリシーPrivacy Policy隐私政策隱私權政策개인정보 처리방침Politique de confidentialitéPolítica de privacidadDatenschutzerklärung","https://atspect.com/pages/privacy","フッター"
"artists","特定商取引法に基づく表記Legal Notice (Commercial Transactions)基于特定商业交易法的标示基於特定商業交易法の標示특정상거래법에 따른 표시Mentions légales (transactions commerciales)Aviso legal (transacciones comerciales)Rechtliche Hinweise (Handelsgeschäfte)","https://atspect.com/pages/tokushoho","フッター"
"artists","古物営業法に基づく表示Secondhand Goods Business Act Notice基于旧物营业法的标示基於舊物營業法的標示고물영업법에 따른 표시Mentions légales (objets d'occasion)Aviso legal (artículos de segunda mano)Rechtliche Hinweise (Gebrauchtwarenhandel)","https://atspect.com/pages/tokushoho#kobutsu-hyoji","フッター"
"artists","作家の方へ","https://atspect.com/pages/artist-guide","フッター"
"artists","日本語","https://atspect.com/pages/artists?lang=ja","フッター"
"artists","English","https://atspect.com/pages/artists?lang=en","フッター"
"artists","简体中文","https://atspect.com/pages/artists?lang=zh-cn","フッター"
"artists","繁體中文","https://atspect.com/pages/artists?lang=zh-tw","フッター"
"artists","한국어","https://atspect.com/pages/artists?lang=ko","フッター"
"artists","Français","https://atspect.com/pages/artists?lang=fr","フッター"
"artists","Español","https://atspect.com/pages/artists?lang=es","フッター"
"artists","Deutsch","https://atspect.com/pages/artists?lang=de","フッター"
"artists","お問い合わせContact Us联系我们聯絡我們문의하기Nous contacterContactoKontakt","https://atspect.com/pages/contact","フッター"
"artists","Operated by","https://atspect.co.jp/","フッター"
"collections-all","コンテンツに進む","https://atspect.com/collections/all#MainContent","本文"
"collections-all","日本語","https://atspect.com/collections/all?lang=ja","ヘッダー"
"collections-all","English","https://atspect.com/collections/all?lang=en","ヘッダー"
"collections-all","简体中文","https://atspect.com/collections/all?lang=zh-cn","ヘッダー"
"collections-all","繁體中文","https://atspect.com/collections/all?lang=zh-tw","ヘッダー"
"collections-all","한국어","https://atspect.com/collections/all?lang=ko","ヘッダー"
"collections-all","Français","https://atspect.com/collections/all?lang=fr","ヘッダー"
"collections-all","Español","https://atspect.com/collections/all?lang=es","ヘッダー"
"collections-all","Deutsch","https://atspect.com/collections/all?lang=de","ヘッダー"
"collections-all","","https://atspect.com/","ヘッダー"
"collections-all","","https://atspect.com/pages/wishlist","ヘッダー"
"collections-all","","https://atspect.com/customer_authentication/redirect?locale=ja&region_country=JP","ヘッダー"
"collections-all","カート","https://atspect.com/cart","ヘッダー"
"collections-all","カートを見る","https://atspect.com/cart","ヘッダー"
"collections-all","作家を探す","https://atspect.com/pages/artists","ヘッダー"
"collections-all","作品を探す","https://atspect.com/collections/all","ヘッダー"
"collections-all","あつぺくとについて","https://atspect.com/pages/about","ヘッダー"
"collections-all","お問い合わせ","https://atspect.com/pages/contact","ヘッダー"
"collections-all","作家の方へ","https://atspect.com/pages/artist-guide","ヘッダー"
"collections-all","お気に入りに追加 鈴木 千賀子Chikako Suzuki《カエル仏》《Frog Buddha》ヒノキ・彩色・箔 H 24 × W 30 × D 25 cmJapanese cypress (hinoki), polychromy, gold leaf H 24 × W 30 × D 25 cm (9.4 × 11.8 × 9.8 in)桧木・彩色・金箔 高24×宽30×深25厘米檜木・彩色・金箔 高24×寬30×深25cm히노키(편백나무)・채색・금박 H 24 × W 30 × D 25 cmCyprès japonais (hinoki), polychromie, feuille d'or H 24 × L 30 × P 25 cmCiprés japonés (hinoki), policromía, pan de oro Al 24 × An 30 × Pr 25 cmJapanese cypress (hinoki), polychromy, gold leaf H 24 × B 30 × T 25 cm 彫刻","https://atspect.com/products/kaeru-butsu","本文"
"collections-all","お気に入りに追加 鈴木 千賀子Chikako Suzuki《かけくらべ》《A Lively Race》ヒノキ・彩色・箔 H 28 × W 25 × D 15 cmJapanese cypress (hinoki), polychromy, gold leaf H 28 × W 25 × D 15 cm (11 × 9.8 × 5.9 in)桧木・彩色・金箔 高28×宽25×深15厘米檜木・彩色・金箔 高28×寬25×深15cm히노키(편백나무)・채색・금박 H 28 × W 25 × D 15 cmCyprès japonais (hinoki), polychromie, feuille d'or H 28 × L 25 × P 15 cmCiprés japonés (hinoki), policromía, pan de oro Al 28 × An 25 × Pr 15 cmJapanese cypress (hinoki), polychromy, gold leaf H 28 × B 25 × T 15 cm 彫刻","https://atspect.com/products/kakekurabe","本文"
"collections-all","お気に入りに追加 鈴木 千賀子Chikako Suzuki《舟奏楽》《Boat Music》バルサ・彩色・箔 H 23 × W 53 × D 23 cmBalsa wood, polychromy, gold leaf H 23 × W 53 × D 23 cm (9.1 × 20.9 × 9.1 in)巴尔沙木・彩色・金箔 高23×宽53×深23厘米巴爾沙木・彩色・金箔 高23×寬53×深23cm발사 나무・채색・금박 H 23 × W 53 × D 23 cmBois de balsa, polychromie, feuille d'or H 23 × L 53 × P 23 cmMadera de balsa, policromía, pan de oro Al 23 × An 53 × Pr 23 cmBalsa wood, polychromy, gold leaf H 23 × B 53 × T 23 cm 彫刻","https://atspect.com/products/funasogaku","本文"
"collections-all","よくある質問FAQ常见问题常見問題자주 묻는 질문Questions fréquentesPreguntas frecuentesHäufige Fragen","https://atspect.com/pages/faq","フッター"
"collections-all","プレスPress媒体媒體프레스PressePrensaPresse","https://atspect.com/pages/press","フッター"
"collections-all","プライバシーポリシーPrivacy Policy隐私政策隱私權政策개인정보 처리방침Politique de confidentialitéPolítica de privacidadDatenschutzerklärung","https://atspect.com/pages/privacy","フッター"
"collections-all","特定商取引法に基づく表記Legal Notice (Commercial Transactions)基于特定商业交易法的标示基於特定商業交易法の標示특정상거래법에 따른 표시Mentions légales (transactions commerciales)Aviso legal (transacciones comerciales)Rechtliche Hinweise (Handelsgeschäfte)","https://atspect.com/pages/tokushoho","フッター"
"collections-all","古物営業法に基づく表示Secondhand Goods Business Act Notice基于旧物营业法的标示基於舊物營業法的標示고물영업법에 따른 표시Mentions légales (objets d'occasion)Aviso legal (artículos de segunda mano)Rechtliche Hinweise (Gebrauchtwarenhandel)","https://atspect.com/pages/tokushoho#kobutsu-hyoji","フッター"
"collections-all","作家の方へ","https://atspect.com/pages/artist-guide","フッター"
"collections-all","日本語","https://atspect.com/collections/all?lang=ja","フッター"
"collections-all","English","https://atspect.com/collections/all?lang=en","フッター"
"collections-all","简体中文","https://atspect.com/collections/all?lang=zh-cn","フッター"
"collections-all","繁體中文","https://atspect.com/collections/all?lang=zh-tw","フッター"
"collections-all","한국어","https://atspect.com/collections/all?lang=ko","フッター"
"collections-all","Français","https://atspect.com/collections/all?lang=fr","フッター"
"collections-all","Español","https://atspect.com/collections/all?lang=es","フッター"
"collections-all","Deutsch","https://atspect.com/collections/all?lang=de","フッター"
"collections-all","お問い合わせContact Us联系我们聯絡我們문의하기Nous contacterContactoKontakt","https://atspect.com/pages/contact","フッター"
"collections-all","Operated by","https://atspect.co.jp/","フッター"
"about","コンテンツに進む","https://atspect.com/pages/about#MainContent","本文"
"about","日本語","https://atspect.com/pages/about?lang=ja","ヘッダー"
"about","English","https://atspect.com/pages/about?lang=en","ヘッダー"
"about","简体中文","https://atspect.com/pages/about?lang=zh-cn","ヘッダー"
"about","繁體中文","https://atspect.com/pages/about?lang=zh-tw","ヘッダー"
"about","한국어","https://atspect.com/pages/about?lang=ko","ヘッダー"
"about","Français","https://atspect.com/pages/about?lang=fr","ヘッダー"
"about","Español","https://atspect.com/pages/about?lang=es","ヘッダー"
"about","Deutsch","https://atspect.com/pages/about?lang=de","ヘッダー"
"about","","https://atspect.com/","ヘッダー"
"about","","https://atspect.com/pages/wishlist","ヘッダー"
"about","","https://atspect.com/customer_authentication/redirect?locale=ja&region_country=JP","ヘッダー"
"about","カート","https://atspect.com/cart","ヘッダー"
"about","カートを見る","https://atspect.com/cart","ヘッダー"
"about","作家を探す","https://atspect.com/pages/artists","ヘッダー"
"about","作品を探す","https://atspect.com/collections/all","ヘッダー"
"about","あつぺくとについて","https://atspect.com/pages/about","ヘッダー"
"about","お問い合わせ","https://atspect.com/pages/contact","ヘッダー"
"about","作家の方へ","https://atspect.com/pages/artist-guide","ヘッダー"
"about","作家の方へ ご案内はこちらから For Artists — about registration 致作家 ― 关于注册 致作家 ― 關於註冊 작가분들께 ― 등록 안내 Aux artistes — à propos de l'inscription Para los artistas — sobre el registro Für Künstler — zur Registrierung →","https://atspect.com/pages/artist-guide","本文"
"about","よくある質問FAQ常见问题常見問題자주 묻는 질문Questions fréquentesPreguntas frecuentesHäufige Fragen","https://atspect.com/pages/faq","フッター"
"about","プレスPress媒体媒體프레스PressePrensaPresse","https://atspect.com/pages/press","フッター"
"about","プライバシーポリシーPrivacy Policy隐私政策隱私權政策개인정보 처리방침Politique de confidentialitéPolítica de privacidadDatenschutzerklärung","https://atspect.com/pages/privacy","フッター"
"about","特定商取引法に基づく表記Legal Notice (Commercial Transactions)基于特定商业交易法的标示基於特定商業交易法の標示특정상거래법에 따른 표시Mentions légales (transactions commerciales)Aviso legal (transacciones comerciales)Rechtliche Hinweise (Handelsgeschäfte)","https://atspect.com/pages/tokushoho","フッター"
"about","古物営業法に基づく表示Secondhand Goods Business Act Notice基于旧物营业法的标示基於舊物營業法的標示고물영업법에 따른 표시Mentions légales (objets d'occasion)Aviso legal (artículos de segunda mano)Rechtliche Hinweise (Gebrauchtwarenhandel)","https://atspect.com/pages/tokushoho#kobutsu-hyoji","フッター"
"about","作家の方へ","https://atspect.com/pages/artist-guide","フッター"
"about","日本語","https://atspect.com/pages/about?lang=ja","フッター"
"about","English","https://atspect.com/pages/about?lang=en","フッター"
"about","简体中文","https://atspect.com/pages/about?lang=zh-cn","フッター"
"about","繁體中文","https://atspect.com/pages/about?lang=zh-tw","フッター"
"about","한국어","https://atspect.com/pages/about?lang=ko","フッター"
"about","Français","https://atspect.com/pages/about?lang=fr","フッター"
"about","Español","https://atspect.com/pages/about?lang=es","フッター"
"about","Deutsch","https://atspect.com/pages/about?lang=de","フッター"
"about","お問い合わせContact Us联系我们聯絡我們문의하기Nous contacterContactoKontakt","https://atspect.com/pages/contact","フッター"
"about","Operated by","https://atspect.co.jp/","フッター"
"contact","コンテンツに進む","https://atspect.com/pages/contact#MainContent","本文"
"contact","日本語","https://atspect.com/pages/contact?lang=ja","ヘッダー"
"contact","English","https://atspect.com/pages/contact?lang=en","ヘッダー"
"contact","简体中文","https://atspect.com/pages/contact?lang=zh-cn","ヘッダー"
"contact","繁體中文","https://atspect.com/pages/contact?lang=zh-tw","ヘッダー"
"contact","한국어","https://atspect.com/pages/contact?lang=ko","ヘッダー"
"contact","Français","https://atspect.com/pages/contact?lang=fr","ヘッダー"
"contact","Español","https://atspect.com/pages/contact?lang=es","ヘッダー"
"contact","Deutsch","https://atspect.com/pages/contact?lang=de","ヘッダー"
"contact","","https://atspect.com/","ヘッダー"
"contact","","https://atspect.com/pages/wishlist","ヘッダー"
"contact","","https://atspect.com/customer_authentication/redirect?locale=ja&region_country=JP","ヘッダー"
"contact","カート","https://atspect.com/cart","ヘッダー"
"contact","カートを見る","https://atspect.com/cart","ヘッダー"
"contact","作家を探す","https://atspect.com/pages/artists","ヘッダー"
"contact","作品を探す","https://atspect.com/collections/all","ヘッダー"
"contact","あつぺくとについて","https://atspect.com/pages/about","ヘッダー"
"contact","お問い合わせ","https://atspect.com/pages/contact","ヘッダー"
"contact","作家の方へ","https://atspect.com/pages/artist-guide","ヘッダー"
"contact","プライバシーポリシー","https://atspect.com/pages/privacy","本文"
"contact","Privacy Policy","https://atspect.com/pages/privacy","本文"
"contact","隐私政策","https://atspect.com/pages/privacy","本文"
"contact","隱私權政策","https://atspect.com/pages/privacy","本文"
"contact","개인정보 처리방침","https://atspect.com/pages/privacy","本文"
"contact","politique de confidentialité","https://atspect.com/pages/privacy","本文"
"contact","política de privacidad","https://atspect.com/pages/privacy","本文"
"contact","Datenschutzerklärung","https://atspect.com/pages/privacy","本文"
"contact","よくある質問FAQ常见问题常見問題자주 묻는 질문Questions fréquentesPreguntas frecuentesHäufige Fragen","https://atspect.com/pages/faq","フッター"
"contact","プレスPress媒体媒體프레스PressePrensaPresse","https://atspect.com/pages/press","フッター"
"contact","プライバシーポリシーPrivacy Policy隐私政策隱私權政策개인정보 처리방침Politique de confidentialitéPolítica de privacidadDatenschutzerklärung","https://atspect.com/pages/privacy","フッター"
"contact","特定商取引法に基づく表記Legal Notice (Commercial Transactions)基于特定商业交易法的标示基於特定商業交易法の標示특정상거래법에 따른 표시Mentions légales (transactions commerciales)Aviso legal (transacciones comerciales)Rechtliche Hinweise (Handelsgeschäfte)","https://atspect.com/pages/tokushoho","フッター"
"contact","古物営業法に基づく表示Secondhand Goods Business Act Notice基于旧物营业法的标示基於舊物營業法的標示고물영업법에 따른 표시Mentions légales (objets d'occasion)Aviso legal (artículos de segunda mano)Rechtliche Hinweise (Gebrauchtwarenhandel)","https://atspect.com/pages/tokushoho#kobutsu-hyoji","フッター"
"contact","作家の方へ","https://atspect.com/pages/artist-guide","フッター"
"contact","日本語","https://atspect.com/pages/contact?lang=ja","フッター"
"contact","English","https://atspect.com/pages/contact?lang=en","フッター"
"contact","简体中文","https://atspect.com/pages/contact?lang=zh-cn","フッター"
"contact","繁體中文","https://atspect.com/pages/contact?lang=zh-tw","フッター"
"contact","한국어","https://atspect.com/pages/contact?lang=ko","フッター"
"contact","Français","https://atspect.com/pages/contact?lang=fr","フッター"
"contact","Español","https://atspect.com/pages/contact?lang=es","フッター"
"contact","Deutsch","https://atspect.com/pages/contact?lang=de","フッター"
"contact","お問い合わせContact Us联系我们聯絡我們문의하기Nous contacterContactoKontakt","https://atspect.com/pages/contact","フッター"
"contact","Operated by","https://atspect.co.jp/","フッター"
"artist-guide","コンテンツに進む","https://atspect.com/pages/artist-guide#MainContent","本文"
"artist-guide","日本語","https://atspect.com/pages/artist-guide?lang=ja","ヘッダー"
"artist-guide","English","https://atspect.com/pages/artist-guide?lang=en","ヘッダー"
"artist-guide","简体中文","https://atspect.com/pages/artist-guide?lang=zh-cn","ヘッダー"
"artist-guide","繁體中文","https://atspect.com/pages/artist-guide?lang=zh-tw","ヘッダー"
"artist-guide","한국어","https://atspect.com/pages/artist-guide?lang=ko","ヘッダー"
"artist-guide","Français","https://atspect.com/pages/artist-guide?lang=fr","ヘッダー"
"artist-guide","Español","https://atspect.com/pages/artist-guide?lang=es","ヘッダー"
"artist-guide","Deutsch","https://atspect.com/pages/artist-guide?lang=de","ヘッダー"
"artist-guide","","https://atspect.com/","ヘッダー"
"artist-guide","","https://atspect.com/pages/wishlist","ヘッダー"
"artist-guide","","https://atspect.com/customer_authentication/redirect?locale=ja&region_country=JP","ヘッダー"
"artist-guide","カート","https://atspect.com/cart","ヘッダー"
"artist-guide","カートを見る","https://atspect.com/cart","ヘッダー"
"artist-guide","作家を探す","https://atspect.com/pages/artists","ヘッダー"
"artist-guide","作品を探す","https://atspect.com/collections/all","ヘッダー"
"artist-guide","あつぺくとについて","https://atspect.com/pages/about","ヘッダー"
"artist-guide","お問い合わせ","https://atspect.com/pages/contact","ヘッダー"
"artist-guide","作家の方へ","https://atspect.com/pages/artist-guide","ヘッダー"
"artist-guide","登録の停止・解約のお手続きへ →","https://atspect.com/pages/artist-cancellation","本文"
"artist-guide","ご相談・お問い合わせ","https://atspect.com/pages/contact","本文"
"artist-guide","LINEでのご相談はこちら →","https://lin.ee/s3GgGTE","本文"
"artist-guide","登録審査を申し込む","https://atspect.com/pages/artist-registration-form","本文"
"artist-guide","作家を探す","https://atspect.com/pages/artists","本文"
"artist-guide","作品を探す","https://atspect.com/collections/all","本文"
"artist-guide","作家ページの実例","https://atspect.com/pages/artist/suzuki-chikako","本文"
"artist-guide","よくある質問FAQ常见问题常見問題자주 묻는 질문Questions fréquentesPreguntas frecuentesHäufige Fragen","https://atspect.com/pages/faq","フッター"
"artist-guide","プレスPress媒体媒體프레스PressePrensaPresse","https://atspect.com/pages/press","フッター"
"artist-guide","プライバシーポリシーPrivacy Policy隐私政策隱私權政策개인정보 처리방침Politique de confidentialitéPolítica de privacidadDatenschutzerklärung","https://atspect.com/pages/privacy","フッター"
"artist-guide","特定商取引法に基づく表記Legal Notice (Commercial Transactions)基于特定商业交易法的标示基於特定商業交易法の標示특정상거래법에 따른 표시Mentions légales (transactions commerciales)Aviso legal (transacciones comerciales)Rechtliche Hinweise (Handelsgeschäfte)","https://atspect.com/pages/tokushoho","フッター"
"artist-guide","古物営業法に基づく表示Secondhand Goods Business Act Notice基于旧物营业法的标示基於舊物營業法的標示고물영업법에 따른 표시Mentions légales (objets d'occasion)Aviso legal (artículos de segunda mano)Rechtliche Hinweise (Gebrauchtwarenhandel)","https://atspect.com/pages/tokushoho#kobutsu-hyoji","フッター"
"artist-guide","作家の方へ","https://atspect.com/pages/artist-guide","フッター"
"artist-guide","日本語","https://atspect.com/pages/artist-guide?lang=ja","フッター"
"artist-guide","English","https://atspect.com/pages/artist-guide?lang=en","フッター"
"artist-guide","简体中文","https://atspect.com/pages/artist-guide?lang=zh-cn","フッター"
"artist-guide","繁體中文","https://atspect.com/pages/artist-guide?lang=zh-tw","フッター"
"artist-guide","한국어","https://atspect.com/pages/artist-guide?lang=ko","フッター"
"artist-guide","Français","https://atspect.com/pages/artist-guide?lang=fr","フッター"
"artist-guide","Español","https://atspect.com/pages/artist-guide?lang=es","フッター"
"artist-guide","Deutsch","https://atspect.com/pages/artist-guide?lang=de","フッター"
"artist-guide","お問い合わせContact Us联系我们聯絡我們문의하기Nous contacterContactoKontakt","https://atspect.com/pages/contact","フッター"
"artist-guide","Operated by","https://atspect.co.jp/","フッター"
"wishlist","コンテンツに進む","https://atspect.com/pages/wishlist#MainContent","本文"
"wishlist","日本語","https://atspect.com/pages/wishlist?lang=ja","ヘッダー"
"wishlist","English","https://atspect.com/pages/wishlist?lang=en","ヘッダー"
"wishlist","简体中文","https://atspect.com/pages/wishlist?lang=zh-cn","ヘッダー"
"wishlist","繁體中文","https://atspect.com/pages/wishlist?lang=zh-tw","ヘッダー"
"wishlist","한국어","https://atspect.com/pages/wishlist?lang=ko","ヘッダー"
"wishlist","Français","https://atspect.com/pages/wishlist?lang=fr","ヘッダー"
"wishlist","Español","https://atspect.com/pages/wishlist?lang=es","ヘッダー"
"wishlist","Deutsch","https://atspect.com/pages/wishlist?lang=de","ヘッダー"
"wishlist","","https://atspect.com/","ヘッダー"
"wishlist","","https://atspect.com/pages/wishlist","ヘッダー"
"wishlist","","https://atspect.com/customer_authentication/redirect?locale=ja&region_country=JP","ヘッダー"
"wishlist","カート","https://atspect.com/cart","ヘッダー"
"wishlist","カートを見る","https://atspect.com/cart","ヘッダー"
"wishlist","作家を探す","https://atspect.com/pages/artists","ヘッダー"
"wishlist","作品を探す","https://atspect.com/collections/all","ヘッダー"
"wishlist","あつぺくとについて","https://atspect.com/pages/about","ヘッダー"
"wishlist","お問い合わせ","https://atspect.com/pages/contact","ヘッダー"
"wishlist","作家の方へ","https://atspect.com/pages/artist-guide","ヘッダー"
"wishlist","作品を探す","https://atspect.com/collections/all","本文"
"wishlist","Browse works","https://atspect.com/collections/all","本文"
"wishlist","浏览作品","https://atspect.com/collections/all","本文"
"wishlist","瀏覽作品","https://atspect.com/collections/all","本文"
"wishlist","작품 보기","https://atspect.com/collections/all","本文"
"wishlist","Parcourir les œuvres","https://atspect.com/collections/all","本文"
"wishlist","Explorar obras","https://atspect.com/collections/all","本文"
"wishlist","Werke ansehen","https://atspect.com/collections/all","本文"
"wishlist","よくある質問FAQ常见问题常見問題자주 묻는 질문Questions fréquentesPreguntas frecuentesHäufige Fragen","https://atspect.com/pages/faq","フッター"
"wishlist","プレスPress媒体媒體프레스PressePrensaPresse","https://atspect.com/pages/press","フッター"
"wishlist","プライバシーポリシーPrivacy Policy隐私政策隱私權政策개인정보 처리방침Politique de confidentialitéPolítica de privacidadDatenschutzerklärung","https://atspect.com/pages/privacy","フッター"
"wishlist","特定商取引法に基づく表記Legal Notice (Commercial Transactions)基于特定商业交易法的标示基於特定商業交易法の標示특정상거래법에 따른 표시Mentions légales (transactions commerciales)Aviso legal (transacciones comerciales)Rechtliche Hinweise (Handelsgeschäfte)","https://atspect.com/pages/tokushoho","フッター"
"wishlist","古物営業法に基づく表示Secondhand Goods Business Act Notice基于旧物营业法的标示基於舊物營業法的標示고물영업법에 따른 표시Mentions légales (objets d'occasion)Aviso legal (artículos de segunda mano)Rechtliche Hinweise (Gebrauchtwarenhandel)","https://atspect.com/pages/tokushoho#kobutsu-hyoji","フッター"
"wishlist","作家の方へ","https://atspect.com/pages/artist-guide","フッター"
"wishlist","日本語","https://atspect.com/pages/wishlist?lang=ja","フッター"
"wishlist","English","https://atspect.com/pages/wishlist?lang=en","フッター"
"wishlist","简体中文","https://atspect.com/pages/wishlist?lang=zh-cn","フッター"
"wishlist","繁體中文","https://atspect.com/pages/wishlist?lang=zh-tw","フッター"
"wishlist","한국어","https://atspect.com/pages/wishlist?lang=ko","フッター"
"wishlist","Français","https://atspect.com/pages/wishlist?lang=fr","フッター"
"wishlist","Español","https://atspect.com/pages/wishlist?lang=es","フッター"
"wishlist","Deutsch","https://atspect.com/pages/wishlist?lang=de","フッター"
"wishlist","お問い合わせContact Us联系我们聯絡我們문의하기Nous contacterContactoKontakt","https://atspect.com/pages/contact","フッター"
"wishlist","Operated by","https://atspect.co.jp/","フッター"
"faq","コンテンツに進む","https://atspect.com/pages/faq#MainContent","本文"
"faq","日本語","https://atspect.com/pages/faq?lang=ja","ヘッダー"
"faq","English","https://atspect.com/pages/faq?lang=en","ヘッダー"
"faq","简体中文","https://atspect.com/pages/faq?lang=zh-cn","ヘッダー"
"faq","繁體中文","https://atspect.com/pages/faq?lang=zh-tw","ヘッダー"
"faq","한국어","https://atspect.com/pages/faq?lang=ko","ヘッダー"
"faq","Français","https://atspect.com/pages/faq?lang=fr","ヘッダー"
"faq","Español","https://atspect.com/pages/faq?lang=es","ヘッダー"
"faq","Deutsch","https://atspect.com/pages/faq?lang=de","ヘッダー"
"faq","","https://atspect.com/","ヘッダー"
"faq","","https://atspect.com/pages/wishlist","ヘッダー"
"faq","","https://atspect.com/customer_authentication/redirect?locale=ja&region_country=JP","ヘッダー"
"faq","カート","https://atspect.com/cart","ヘッダー"
"faq","カートを見る","https://atspect.com/cart","ヘッダー"
"faq","作家を探す","https://atspect.com/pages/artists","ヘッダー"
"faq","作品を探す","https://atspect.com/collections/all","ヘッダー"
"faq","あつぺくとについて","https://atspect.com/pages/about","ヘッダー"
"faq","お問い合わせ","https://atspect.com/pages/contact","ヘッダー"
"faq","作家の方へ","https://atspect.com/pages/artist-guide","ヘッダー"
"faq","お問い合わせ Contact Us 联系我们 聯絡我們 문의하기 Nous contacter Contáctenos Kontakt aufnehmen","https://atspect.com/pages/contact","本文"
"faq","よくある質問FAQ常见问题常見問題자주 묻는 질문Questions fréquentesPreguntas frecuentesHäufige Fragen","https://atspect.com/pages/faq","フッター"
"faq","プレスPress媒体媒體프레스PressePrensaPresse","https://atspect.com/pages/press","フッター"
"faq","プライバシーポリシーPrivacy Policy隐私政策隱私權政策개인정보 처리방침Politique de confidentialitéPolítica de privacidadDatenschutzerklärung","https://atspect.com/pages/privacy","フッター"
"faq","特定商取引法に基づく表記Legal Notice (Commercial Transactions)基于特定商业交易法的标示基於特定商業交易法の標示특정상거래법에 따른 표시Mentions légales (transactions commerciales)Aviso legal (transacciones comerciales)Rechtliche Hinweise (Handelsgeschäfte)","https://atspect.com/pages/tokushoho","フッター"
"faq","古物営業法に基づく表示Secondhand Goods Business Act Notice基于旧物营业法的标示基於舊物營業法的標示고물영업법에 따른 표시Mentions légales (objets d'occasion)Aviso legal (artículos de segunda mano)Rechtliche Hinweise (Gebrauchtwarenhandel)","https://atspect.com/pages/tokushoho#kobutsu-hyoji","フッター"
"faq","作家の方へ","https://atspect.com/pages/artist-guide","フッター"
"faq","日本語","https://atspect.com/pages/faq?lang=ja","フッター"
"faq","English","https://atspect.com/pages/faq?lang=en","フッター"
"faq","简体中文","https://atspect.com/pages/faq?lang=zh-cn","フッター"
"faq","繁體中文","https://atspect.com/pages/faq?lang=zh-tw","フッター"
"faq","한국어","https://atspect.com/pages/faq?lang=ko","フッター"
"faq","Français","https://atspect.com/pages/faq?lang=fr","フッター"
"faq","Español","https://atspect.com/pages/faq?lang=es","フッター"
"faq","Deutsch","https://atspect.com/pages/faq?lang=de","フッター"
"faq","お問い合わせContact Us联系我们聯絡我們문의하기Nous contacterContactoKontakt","https://atspect.com/pages/contact","フッター"
"faq","Operated by","https://atspect.co.jp/","フッター"
"press","コンテンツに進む","https://atspect.com/pages/press#MainContent","本文"
"press","日本語","https://atspect.com/pages/press?lang=ja","ヘッダー"
"press","English","https://atspect.com/pages/press?lang=en","ヘッダー"
"press","简体中文","https://atspect.com/pages/press?lang=zh-cn","ヘッダー"
"press","繁體中文","https://atspect.com/pages/press?lang=zh-tw","ヘッダー"
"press","한국어","https://atspect.com/pages/press?lang=ko","ヘッダー"
"press","Français","https://atspect.com/pages/press?lang=fr","ヘッダー"
"press","Español","https://atspect.com/pages/press?lang=es","ヘッダー"
"press","Deutsch","https://atspect.com/pages/press?lang=de","ヘッダー"
"press","","https://atspect.com/","ヘッダー"
"press","","https://atspect.com/pages/wishlist","ヘッダー"
"press","","https://atspect.com/customer_authentication/redirect?locale=ja&region_country=JP","ヘッダー"
"press","カート","https://atspect.com/cart","ヘッダー"
"press","カートを見る","https://atspect.com/cart","ヘッダー"
"press","作家を探す","https://atspect.com/pages/artists","ヘッダー"
"press","作品を探す","https://atspect.com/collections/all","ヘッダー"
"press","あつぺくとについて","https://atspect.com/pages/about","ヘッダー"
"press","お問い合わせ","https://atspect.com/pages/contact","ヘッダー"
"press","作家の方へ","https://atspect.com/pages/artist-guide","ヘッダー"
"press","お問い合わせフォームContact form咨询表单諮詢表單문의 양식Formulaire de contactFormulario de contactoKontaktformular","https://atspect.com/pages/contact","本文"
"press","よくある質問FAQ常见问题常見問題자주 묻는 질문Questions fréquentesPreguntas frecuentesHäufige Fragen","https://atspect.com/pages/faq","フッター"
"press","プレスPress媒体媒體프레스PressePrensaPresse","https://atspect.com/pages/press","フッター"
"press","プライバシーポリシーPrivacy Policy隐私政策隱私權政策개인정보 처리방침Politique de confidentialitéPolítica de privacidadDatenschutzerklärung","https://atspect.com/pages/privacy","フッター"
"press","特定商取引法に基づく表記Legal Notice (Commercial Transactions)基于特定商业交易法的标示基於特定商業交易法の標示특정상거래법에 따른 표시Mentions légales (transactions commerciales)Aviso legal (transacciones comerciales)Rechtliche Hinweise (Handelsgeschäfte)","https://atspect.com/pages/tokushoho","フッター"
"press","古物営業法に基づく表示Secondhand Goods Business Act Notice基于旧物营业法的标示基於舊物營業法的標示고물영업법에 따른 표시Mentions légales (objets d'occasion)Aviso legal (artículos de segunda mano)Rechtliche Hinweise (Gebrauchtwarenhandel)","https://atspect.com/pages/tokushoho#kobutsu-hyoji","フッター"
"press","作家の方へ","https://atspect.com/pages/artist-guide","フッター"
"press","日本語","https://atspect.com/pages/press?lang=ja","フッター"
"press","English","https://atspect.com/pages/press?lang=en","フッター"
"press","简体中文","https://atspect.com/pages/press?lang=zh-cn","フッター"
"press","繁體中文","https://atspect.com/pages/press?lang=zh-tw","フッター"
"press","한국어","https://atspect.com/pages/press?lang=ko","フッター"
"press","Français","https://atspect.com/pages/press?lang=fr","フッター"
"press","Español","https://atspect.com/pages/press?lang=es","フッター"
"press","Deutsch","https://atspect.com/pages/press?lang=de","フッター"
"press","お問い合わせContact Us联系我们聯絡我們문의하기Nous contacterContactoKontakt","https://atspect.com/pages/contact","フッター"
"press","Operated by","https://atspect.co.jp/","フッター"
"privacy","コンテンツに進む","https://atspect.com/pages/privacy#MainContent","本文"
"privacy","日本語","https://atspect.com/pages/privacy?lang=ja","ヘッダー"
"privacy","English","https://atspect.com/pages/privacy?lang=en","ヘッダー"
"privacy","简体中文","https://atspect.com/pages/privacy?lang=zh-cn","ヘッダー"
"privacy","繁體中文","https://atspect.com/pages/privacy?lang=zh-tw","ヘッダー"
"privacy","한국어","https://atspect.com/pages/privacy?lang=ko","ヘッダー"
"privacy","Français","https://atspect.com/pages/privacy?lang=fr","ヘッダー"
"privacy","Español","https://atspect.com/pages/privacy?lang=es","ヘッダー"
"privacy","Deutsch","https://atspect.com/pages/privacy?lang=de","ヘッダー"
"privacy","","https://atspect.com/","ヘッダー"
"privacy","","https://atspect.com/pages/wishlist","ヘッダー"
"privacy","","https://atspect.com/customer_authentication/redirect?locale=ja&region_country=JP","ヘッダー"
"privacy","カート","https://atspect.com/cart","ヘッダー"
"privacy","カートを見る","https://atspect.com/cart","ヘッダー"
"privacy","作家を探す","https://atspect.com/pages/artists","ヘッダー"
"privacy","作品を探す","https://atspect.com/collections/all","ヘッダー"
"privacy","あつぺくとについて","https://atspect.com/pages/about","ヘッダー"
"privacy","お問い合わせ","https://atspect.com/pages/contact","ヘッダー"
"privacy","作家の方へ","https://atspect.com/pages/artist-guide","ヘッダー"
"privacy","お問い合わせフォームinquiry form咨询表单諮詢表單문의 양식formulaire de contactformulario de contactoKontaktformular","https://atspect.com/pages/contact","フッター"
"privacy","よくある質問FAQ常见问题常見問題자주 묻는 질문Questions fréquentesPreguntas frecuentesHäufige Fragen","https://atspect.com/pages/faq","フッター"
"privacy","プレスPress媒体媒體프레스PressePrensaPresse","https://atspect.com/pages/press","フッター"
"privacy","プライバシーポリシーPrivacy Policy隐私政策隱私權政策개인정보 처리방침Politique de confidentialitéPolítica de privacidadDatenschutzerklärung","https://atspect.com/pages/privacy","フッター"
"privacy","特定商取引法に基づく表記Legal Notice (Commercial Transactions)基于特定商业交易法的标示基於特定商業交易法の標示특정상거래법에 따른 표시Mentions légales (transactions commerciales)Aviso legal (transacciones comerciales)Rechtliche Hinweise (Handelsgeschäfte)","https://atspect.com/pages/tokushoho","フッター"
"privacy","古物営業法に基づく表示Secondhand Goods Business Act Notice基于旧物营业法的标示基於舊物營業法的標示고물영업법에 따른 표시Mentions légales (objets d'occasion)Aviso legal (artículos de segunda mano)Rechtliche Hinweise (Gebrauchtwarenhandel)","https://atspect.com/pages/tokushoho#kobutsu-hyoji","フッター"
"privacy","作家の方へ","https://atspect.com/pages/artist-guide","フッター"
"privacy","日本語","https://atspect.com/pages/privacy?lang=ja","フッター"
"privacy","English","https://atspect.com/pages/privacy?lang=en","フッター"
"privacy","简体中文","https://atspect.com/pages/privacy?lang=zh-cn","フッター"
"privacy","繁體中文","https://atspect.com/pages/privacy?lang=zh-tw","フッター"
"privacy","한국어","https://atspect.com/pages/privacy?lang=ko","フッター"
"privacy","Français","https://atspect.com/pages/privacy?lang=fr","フッター"
"privacy","Español","https://atspect.com/pages/privacy?lang=es","フッター"
"privacy","Deutsch","https://atspect.com/pages/privacy?lang=de","フッター"
"privacy","お問い合わせContact Us联系我们聯絡我們문의하기Nous contacterContactoKontakt","https://atspect.com/pages/contact","フッター"
"privacy","Operated by","https://atspect.co.jp/","フッター"
"tokushoho","コンテンツに進む","https://atspect.com/pages/tokushoho#MainContent","本文"
"tokushoho","日本語","https://atspect.com/pages/tokushoho?lang=ja","ヘッダー"
"tokushoho","English","https://atspect.com/pages/tokushoho?lang=en","ヘッダー"
"tokushoho","简体中文","https://atspect.com/pages/tokushoho?lang=zh-cn","ヘッダー"
"tokushoho","繁體中文","https://atspect.com/pages/tokushoho?lang=zh-tw","ヘッダー"
"tokushoho","한국어","https://atspect.com/pages/tokushoho?lang=ko","ヘッダー"
"tokushoho","Français","https://atspect.com/pages/tokushoho?lang=fr","ヘッダー"
"tokushoho","Español","https://atspect.com/pages/tokushoho?lang=es","ヘッダー"
"tokushoho","Deutsch","https://atspect.com/pages/tokushoho?lang=de","ヘッダー"
"tokushoho","","https://atspect.com/","ヘッダー"
"tokushoho","","https://atspect.com/pages/wishlist","ヘッダー"
"tokushoho","","https://atspect.com/customer_authentication/redirect?locale=ja&region_country=JP","ヘッダー"
"tokushoho","カート","https://atspect.com/cart","ヘッダー"
"tokushoho","カートを見る","https://atspect.com/cart","ヘッダー"
"tokushoho","作家を探す","https://atspect.com/pages/artists","ヘッダー"
"tokushoho","作品を探す","https://atspect.com/collections/all","ヘッダー"
"tokushoho","あつぺくとについて","https://atspect.com/pages/about","ヘッダー"
"tokushoho","お問い合わせ","https://atspect.com/pages/contact","ヘッダー"
"tokushoho","作家の方へ","https://atspect.com/pages/artist-guide","ヘッダー"
"tokushoho","https://atspect.co.jp","https://atspect.co.jp/","本文"
"tokushoho","https://atspect.com","https://atspect.com/","本文"
"tokushoho","お問い合わせフォームinquiry form咨询表单諮詢表單문의 양식formulaire de contactformulario de contactoKontaktformular","https://atspect.com/pages/contact","フッター"
"tokushoho","よくある質問FAQ常见问题常見問題자주 묻는 질문Questions fréquentesPreguntas frecuentesHäufige Fragen","https://atspect.com/pages/faq","フッター"
"tokushoho","プレスPress媒体媒體프레스PressePrensaPresse","https://atspect.com/pages/press","フッター"
"tokushoho","プライバシーポリシーPrivacy Policy隐私政策隱私權政策개인정보 처리방침Politique de confidentialitéPolítica de privacidadDatenschutzerklärung","https://atspect.com/pages/privacy","フッター"
"tokushoho","特定商取引法に基づく表記Legal Notice (Commercial Transactions)基于特定商业交易法的标示基於特定商業交易法の標示특정상거래법에 따른 표시Mentions légales (transactions commerciales)Aviso legal (transacciones comerciales)Rechtliche Hinweise (Handelsgeschäfte)","https://atspect.com/pages/tokushoho","フッター"
"tokushoho","古物営業法に基づく表示Secondhand Goods Business Act Notice基于旧物营业法的标示基於舊物營業法的標示고물영업법에 따른 표시Mentions légales (objets d'occasion)Aviso legal (artículos de segunda mano)Rechtliche Hinweise (Gebrauchtwarenhandel)","https://atspect.com/pages/tokushoho#kobutsu-hyoji","フッター"
"tokushoho","作家の方へ","https://atspect.com/pages/artist-guide","フッター"
"tokushoho","日本語","https://atspect.com/pages/tokushoho?lang=ja","フッター"
"tokushoho","English","https://atspect.com/pages/tokushoho?lang=en","フッター"
"tokushoho","简体中文","https://atspect.com/pages/tokushoho?lang=zh-cn","フッター"
"tokushoho","繁體中文","https://atspect.com/pages/tokushoho?lang=zh-tw","フッター"
"tokushoho","한국어","https://atspect.com/pages/tokushoho?lang=ko","フッター"
"tokushoho","Français","https://atspect.com/pages/tokushoho?lang=fr","フッター"
"tokushoho","Español","https://atspect.com/pages/tokushoho?lang=es","フッター"
"tokushoho","Deutsch","https://atspect.com/pages/tokushoho?lang=de","フッター"
"tokushoho","お問い合わせContact Us联系我们聯絡我們문의하기Nous contacterContactoKontakt","https://atspect.com/pages/contact","フッター"
"tokushoho","Operated by","https://atspect.co.jp/","フッター"
"artist-registration","コンテンツに進む","https://atspect.com/pages/artist-registration#MainContent","本文"
"artist-registration","日本語","https://atspect.com/pages/artist-registration?lang=ja","ヘッダー"
"artist-registration","English","https://atspect.com/pages/artist-registration?lang=en","ヘッダー"
"artist-registration","简体中文","https://atspect.com/pages/artist-registration?lang=zh-cn","ヘッダー"
"artist-registration","繁體中文","https://atspect.com/pages/artist-registration?lang=zh-tw","ヘッダー"
"artist-registration","한국어","https://atspect.com/pages/artist-registration?lang=ko","ヘッダー"
"artist-registration","Français","https://atspect.com/pages/artist-registration?lang=fr","ヘッダー"
"artist-registration","Español","https://atspect.com/pages/artist-registration?lang=es","ヘッダー"
"artist-registration","Deutsch","https://atspect.com/pages/artist-registration?lang=de","ヘッダー"
"artist-registration","","https://atspect.com/","ヘッダー"
"artist-registration","","https://atspect.com/pages/wishlist","ヘッダー"
"artist-registration","","https://atspect.com/customer_authentication/redirect?locale=ja&region_country=JP","ヘッダー"
"artist-registration","カート","https://atspect.com/cart","ヘッダー"
"artist-registration","カートを見る","https://atspect.com/cart","ヘッダー"
"artist-registration","作家を探す","https://atspect.com/pages/artists","ヘッダー"
"artist-registration","作品を探す","https://atspect.com/collections/all","ヘッダー"
"artist-registration","あつぺくとについて","https://atspect.com/pages/about","ヘッダー"
"artist-registration","お問い合わせ","https://atspect.com/pages/contact","ヘッダー"
"artist-registration","作家の方へ","https://atspect.com/pages/artist-guide","ヘッダー"
"artist-registration","プライバシーポリシー","https://atspect.com/pages/privacy","本文"
"artist-registration","登録の停止・解約のお手続きへ →","https://atspect.com/pages/artist-cancellation","本文"
"artist-registration","LINEで相談する","https://lin.ee/s3GgGTE","本文"
"artist-registration","お問い合わせフォーム","https://atspect.com/pages/contact","本文"
"artist-registration","登録審査を申し込む","https://atspect.com/pages/artist-registration-form","本文"
"artist-registration","よくある質問FAQ常见问题常見問題자주 묻는 질문Questions fréquentesPreguntas frecuentesHäufige Fragen","https://atspect.com/pages/faq","フッター"
"artist-registration","プレスPress媒体媒體프레스PressePrensaPresse","https://atspect.com/pages/press","フッター"
"artist-registration","プライバシーポリシーPrivacy Policy隐私政策隱私權政策개인정보 처리방침Politique de confidentialitéPolítica de privacidadDatenschutzerklärung","https://atspect.com/pages/privacy","フッター"
"artist-registration","特定商取引法に基づく表記Legal Notice (Commercial Transactions)基于特定商业交易法的标示基於特定商業交易法の標示특정상거래법에 따른 표시Mentions légales (transactions commerciales)Aviso legal (transacciones comerciales)Rechtliche Hinweise (Handelsgeschäfte)","https://atspect.com/pages/tokushoho","フッター"
"artist-registration","古物営業法に基づく表示Secondhand Goods Business Act Notice基于旧物营业法的标示基於舊物營業法的標示고물영업법에 따른 표시Mentions légales (objets d'occasion)Aviso legal (artículos de segunda mano)Rechtliche Hinweise (Gebrauchtwarenhandel)","https://atspect.com/pages/tokushoho#kobutsu-hyoji","フッター"
"artist-registration","作家の方へ","https://atspect.com/pages/artist-guide","フッター"
"artist-registration","日本語","https://atspect.com/pages/artist-registration?lang=ja","フッター"
"artist-registration","English","https://atspect.com/pages/artist-registration?lang=en","フッター"
"artist-registration","简体中文","https://atspect.com/pages/artist-registration?lang=zh-cn","フッター"
"artist-registration","繁體中文","https://atspect.com/pages/artist-registration?lang=zh-tw","フッター"
"artist-registration","한국어","https://atspect.com/pages/artist-registration?lang=ko","フッター"
"artist-registration","Français","https://atspect.com/pages/artist-registration?lang=fr","フッター"
"artist-registration","Español","https://atspect.com/pages/artist-registration?lang=es","フッター"
"artist-registration","Deutsch","https://atspect.com/pages/artist-registration?lang=de","フッター"
"artist-registration","お問い合わせContact Us联系我们聯絡我們문의하기Nous contacterContactoKontakt","https://atspect.com/pages/contact","フッター"
"artist-registration","Operated by","https://atspect.co.jp/","フッター"
"artist-registration-form","コンテンツに進む","https://atspect.com/pages/artist-registration-form#MainContent","本文"
"artist-registration-form","日本語","https://atspect.com/pages/artist-registration-form?lang=ja","ヘッダー"
"artist-registration-form","English","https://atspect.com/pages/artist-registration-form?lang=en","ヘッダー"
"artist-registration-form","简体中文","https://atspect.com/pages/artist-registration-form?lang=zh-cn","ヘッダー"
"artist-registration-form","繁體中文","https://atspect.com/pages/artist-registration-form?lang=zh-tw","ヘッダー"
"artist-registration-form","한국어","https://atspect.com/pages/artist-registration-form?lang=ko","ヘッダー"
"artist-registration-form","Français","https://atspect.com/pages/artist-registration-form?lang=fr","ヘッダー"
"artist-registration-form","Español","https://atspect.com/pages/artist-registration-form?lang=es","ヘッダー"
"artist-registration-form","Deutsch","https://atspect.com/pages/artist-registration-form?lang=de","ヘッダー"
"artist-registration-form","","https://atspect.com/","ヘッダー"
"artist-registration-form","","https://atspect.com/pages/wishlist","ヘッダー"
"artist-registration-form","","https://atspect.com/customer_authentication/redirect?locale=ja&region_country=JP","ヘッダー"
"artist-registration-form","カート","https://atspect.com/cart","ヘッダー"
"artist-registration-form","カートを見る","https://atspect.com/cart","ヘッダー"
"artist-registration-form","作家を探す","https://atspect.com/pages/artists","ヘッダー"
"artist-registration-form","作品を探す","https://atspect.com/collections/all","ヘッダー"
"artist-registration-form","あつぺくとについて","https://atspect.com/pages/about","ヘッダー"
"artist-registration-form","お問い合わせ","https://atspect.com/pages/contact","ヘッダー"
"artist-registration-form","作家の方へ","https://atspect.com/pages/artist-guide","ヘッダー"
"artist-registration-form","← ご案内のページに戻る","https://atspect.com/pages/artist-guide","本文"
"artist-registration-form","プライバシーポリシー","https://atspect.com/pages/privacy","本文"
"artist-registration-form","お問い合わせ","https://atspect.com/pages/contact","本文"
"artist-registration-form","よくある質問FAQ常见问题常見問題자주 묻는 질문Questions fréquentesPreguntas frecuentesHäufige Fragen","https://atspect.com/pages/faq","フッター"
"artist-registration-form","プレスPress媒体媒體프레스PressePrensaPresse","https://atspect.com/pages/press","フッター"
"artist-registration-form","プライバシーポリシーPrivacy Policy隐私政策隱私權政策개인정보 처리방침Politique de confidentialitéPolítica de privacidadDatenschutzerklärung","https://atspect.com/pages/privacy","フッター"
"artist-registration-form","特定商取引法に基づく表記Legal Notice (Commercial Transactions)基于特定商业交易法的标示基於特定商業交易法の標示특정상거래법에 따른 표시Mentions légales (transactions commerciales)Aviso legal (transacciones comerciales)Rechtliche Hinweise (Handelsgeschäfte)","https://atspect.com/pages/tokushoho","フッター"
"artist-registration-form","古物営業法に基づく表示Secondhand Goods Business Act Notice基于旧物营业法的标示基於舊物營業法的標示고물영업법에 따른 표시Mentions légales (objets d'occasion)Aviso legal (artículos de segunda mano)Rechtliche Hinweise (Gebrauchtwarenhandel)","https://atspect.com/pages/tokushoho#kobutsu-hyoji","フッター"
"artist-registration-form","作家の方へ","https://atspect.com/pages/artist-guide","フッター"
"artist-registration-form","日本語","https://atspect.com/pages/artist-registration-form?lang=ja","フッター"
"artist-registration-form","English","https://atspect.com/pages/artist-registration-form?lang=en","フッター"
"artist-registration-form","简体中文","https://atspect.com/pages/artist-registration-form?lang=zh-cn","フッター"
"artist-registration-form","繁體中文","https://atspect.com/pages/artist-registration-form?lang=zh-tw","フッター"
"artist-registration-form","한국어","https://atspect.com/pages/artist-registration-form?lang=ko","フッター"
"artist-registration-form","Français","https://atspect.com/pages/artist-registration-form?lang=fr","フッター"
"artist-registration-form","Español","https://atspect.com/pages/artist-registration-form?lang=es","フッター"
"artist-registration-form","Deutsch","https://atspect.com/pages/artist-registration-form?lang=de","フッター"
"artist-registration-form","お問い合わせContact Us联系我们聯絡我們문의하기Nous contacterContactoKontakt","https://atspect.com/pages/contact","フッター"
"artist-registration-form","Operated by","https://atspect.co.jp/","フッター"
"artist-cancellation","コンテンツに進む","https://atspect.com/pages/artist-cancellation#MainContent","本文"
"artist-cancellation","日本語","https://atspect.com/pages/artist-cancellation?lang=ja","ヘッダー"
"artist-cancellation","English","https://atspect.com/pages/artist-cancellation?lang=en","ヘッダー"
"artist-cancellation","简体中文","https://atspect.com/pages/artist-cancellation?lang=zh-cn","ヘッダー"
"artist-cancellation","繁體中文","https://atspect.com/pages/artist-cancellation?lang=zh-tw","ヘッダー"
"artist-cancellation","한국어","https://atspect.com/pages/artist-cancellation?lang=ko","ヘッダー"
"artist-cancellation","Français","https://atspect.com/pages/artist-cancellation?lang=fr","ヘッダー"
"artist-cancellation","Español","https://atspect.com/pages/artist-cancellation?lang=es","ヘッダー"
"artist-cancellation","Deutsch","https://atspect.com/pages/artist-cancellation?lang=de","ヘッダー"
"artist-cancellation","","https://atspect.com/","ヘッダー"
"artist-cancellation","","https://atspect.com/pages/wishlist","ヘッダー"
"artist-cancellation","","https://atspect.com/customer_authentication/redirect?locale=ja&region_country=JP","ヘッダー"
"artist-cancellation","カート","https://atspect.com/cart","ヘッダー"
"artist-cancellation","カートを見る","https://atspect.com/cart","ヘッダー"
"artist-cancellation","作家を探す","https://atspect.com/pages/artists","ヘッダー"
"artist-cancellation","作品を探す","https://atspect.com/collections/all","ヘッダー"
"artist-cancellation","あつぺくとについて","https://atspect.com/pages/about","ヘッダー"
"artist-cancellation","お問い合わせ","https://atspect.com/pages/contact","ヘッダー"
"artist-cancellation","作家の方へ","https://atspect.com/pages/artist-guide","ヘッダー"
"artist-cancellation","プライバシーポリシー","https://atspect.com/pages/privacy","本文"
"artist-cancellation","プライバシーポリシー","https://atspect.com/pages/privacy","本文"
"artist-cancellation","← 作家の方へ（ご案内）に戻る","https://atspect.com/pages/artist-guide","本文"
"artist-cancellation","よくある質問FAQ常见问题常見問題자주 묻는 질문Questions fréquentesPreguntas frecuentesHäufige Fragen","https://atspect.com/pages/faq","フッター"
"artist-cancellation","プレスPress媒体媒體프레스PressePrensaPresse","https://atspect.com/pages/press","フッター"
"artist-cancellation","プライバシーポリシーPrivacy Policy隐私政策隱私權政策개인정보 처리방침Politique de confidentialitéPolítica de privacidadDatenschutzerklärung","https://atspect.com/pages/privacy","フッター"
"artist-cancellation","特定商取引法に基づく表記Legal Notice (Commercial Transactions)基于特定商业交易法的标示基於特定商業交易法の標示특정상거래법에 따른 표시Mentions légales (transactions commerciales)Aviso legal (transacciones comerciales)Rechtliche Hinweise (Handelsgeschäfte)","https://atspect.com/pages/tokushoho","フッター"
"artist-cancellation","古物営業法に基づく表示Secondhand Goods Business Act Notice基于旧物营业法的标示基於舊物營業法的標示고물영업법에 따른 표시Mentions légales (objets d'occasion)Aviso legal (artículos de segunda mano)Rechtliche Hinweise (Gebrauchtwarenhandel)","https://atspect.com/pages/tokushoho#kobutsu-hyoji","フッター"
"artist-cancellation","作家の方へ","https://atspect.com/pages/artist-guide","フッター"
"artist-cancellation","日本語","https://atspect.com/pages/artist-cancellation?lang=ja","フッター"
"artist-cancellation","English","https://atspect.com/pages/artist-cancellation?lang=en","フッター"
"artist-cancellation","简体中文","https://atspect.com/pages/artist-cancellation?lang=zh-cn","フッター"
"artist-cancellation","繁體中文","https://atspect.com/pages/artist-cancellation?lang=zh-tw","フッター"
"artist-cancellation","한국어","https://atspect.com/pages/artist-cancellation?lang=ko","フッター"
"artist-cancellation","Français","https://atspect.com/pages/artist-cancellation?lang=fr","フッター"
"artist-cancellation","Español","https://atspect.com/pages/artist-cancellation?lang=es","フッター"
"artist-cancellation","Deutsch","https://atspect.com/pages/artist-cancellation?lang=de","フッター"
"artist-cancellation","お問い合わせContact Us联系我们聯絡我們문의하기Nous contacterContactoKontakt","https://atspect.com/pages/contact","フッター"
"artist-cancellation","Operated by","https://atspect.co.jp/","フッター"
"entry-form","コンテンツに進む","https://atspect.com/pages/entry-14ffd27c805f#MainContent","本文"
"entry-form","日本語","https://atspect.com/pages/entry-14ffd27c805f?lang=ja","ヘッダー"
"entry-form","English","https://atspect.com/pages/entry-14ffd27c805f?lang=en","ヘッダー"
"entry-form","简体中文","https://atspect.com/pages/entry-14ffd27c805f?lang=zh-cn","ヘッダー"
"entry-form","繁體中文","https://atspect.com/pages/entry-14ffd27c805f?lang=zh-tw","ヘッダー"
"entry-form","한국어","https://atspect.com/pages/entry-14ffd27c805f?lang=ko","ヘッダー"
"entry-form","Français","https://atspect.com/pages/entry-14ffd27c805f?lang=fr","ヘッダー"
"entry-form","Español","https://atspect.com/pages/entry-14ffd27c805f?lang=es","ヘッダー"
"entry-form","Deutsch","https://atspect.com/pages/entry-14ffd27c805f?lang=de","ヘッダー"
"entry-form","","https://atspect.com/","ヘッダー"
"entry-form","","https://atspect.com/pages/wishlist","ヘッダー"
"entry-form","","https://atspect.com/customer_authentication/redirect?locale=ja&region_country=JP","ヘッダー"
"entry-form","カート","https://atspect.com/cart","ヘッダー"
"entry-form","カートを見る","https://atspect.com/cart","ヘッダー"
"entry-form","作家を探す","https://atspect.com/pages/artists","ヘッダー"
"entry-form","作品を探す","https://atspect.com/collections/all","ヘッダー"
"entry-form","あつぺくとについて","https://atspect.com/pages/about","ヘッダー"
"entry-form","お問い合わせ","https://atspect.com/pages/contact","ヘッダー"
"entry-form","作家の方へ","https://atspect.com/pages/artist-guide","ヘッダー"
"entry-form","「作品販売の条件」","https://atspect.com/pages/sales-terms","本文"
"entry-form","プライバシーポリシー","https://atspect.com/pages/privacy","本文"
"entry-form","お問い合わせ","https://atspect.com/pages/contact","本文"
"entry-form","よくある質問FAQ常见问题常見問題자주 묻는 질문Questions fréquentesPreguntas frecuentesHäufige Fragen","https://atspect.com/pages/faq","フッター"
"entry-form","プレスPress媒体媒體프레스PressePrensaPresse","https://atspect.com/pages/press","フッター"
"entry-form","プライバシーポリシーPrivacy Policy隐私政策隱私權政策개인정보 처리방침Politique de confidentialitéPolítica de privacidadDatenschutzerklärung","https://atspect.com/pages/privacy","フッター"
"entry-form","特定商取引法に基づく表記Legal Notice (Commercial Transactions)基于特定商业交易法的标示基於特定商業交易法の標示특정상거래법에 따른 표시Mentions légales (transactions commerciales)Aviso legal (transacciones comerciales)Rechtliche Hinweise (Handelsgeschäfte)","https://atspect.com/pages/tokushoho","フッター"
"entry-form","古物営業法に基づく表示Secondhand Goods Business Act Notice基于旧物营业法的标示基於舊物營業法的標示고물영업법에 따른 표시Mentions légales (objets d'occasion)Aviso legal (artículos de segunda mano)Rechtliche Hinweise (Gebrauchtwarenhandel)","https://atspect.com/pages/tokushoho#kobutsu-hyoji","フッター"
"entry-form","作家の方へ","https://atspect.com/pages/artist-guide","フッター"
"entry-form","日本語","https://atspect.com/pages/entry-14ffd27c805f?lang=ja","フッター"
"entry-form","English","https://atspect.com/pages/entry-14ffd27c805f?lang=en","フッター"
"entry-form","简体中文","https://atspect.com/pages/entry-14ffd27c805f?lang=zh-cn","フッター"
"entry-form","繁體中文","https://atspect.com/pages/entry-14ffd27c805f?lang=zh-tw","フッター"
"entry-form","한국어","https://atspect.com/pages/entry-14ffd27c805f?lang=ko","フッター"
"entry-form","Français","https://atspect.com/pages/entry-14ffd27c805f?lang=fr","フッター"
"entry-form","Español","https://atspect.com/pages/entry-14ffd27c805f?lang=es","フッター"
"entry-form","Deutsch","https://atspect.com/pages/entry-14ffd27c805f?lang=de","フッター"
"entry-form","お問い合わせContact Us联系我们聯絡我們문의하기Nous contacterContactoKontakt","https://atspect.com/pages/contact","フッター"
"entry-form","Operated by","https://atspect.co.jp/","フッター"
"artist-suzuki-chikako","コンテンツに進む","https://atspect.com/pages/artist/suzuki-chikako#MainContent","本文"
"artist-suzuki-chikako","日本語","https://atspect.com/pages/artist/suzuki-chikako?lang=ja","ヘッダー"
"artist-suzuki-chikako","English","https://atspect.com/pages/artist/suzuki-chikako?lang=en","ヘッダー"
"artist-suzuki-chikako","简体中文","https://atspect.com/pages/artist/suzuki-chikako?lang=zh-cn","ヘッダー"
"artist-suzuki-chikako","繁體中文","https://atspect.com/pages/artist/suzuki-chikako?lang=zh-tw","ヘッダー"
"artist-suzuki-chikako","한국어","https://atspect.com/pages/artist/suzuki-chikako?lang=ko","ヘッダー"
"artist-suzuki-chikako","Français","https://atspect.com/pages/artist/suzuki-chikako?lang=fr","ヘッダー"
"artist-suzuki-chikako","Español","https://atspect.com/pages/artist/suzuki-chikako?lang=es","ヘッダー"
"artist-suzuki-chikako","Deutsch","https://atspect.com/pages/artist/suzuki-chikako?lang=de","ヘッダー"
"artist-suzuki-chikako","","https://atspect.com/","ヘッダー"
"artist-suzuki-chikako","","https://atspect.com/pages/wishlist","ヘッダー"
"artist-suzuki-chikako","","https://atspect.com/customer_authentication/redirect?locale=ja&region_country=JP","ヘッダー"
"artist-suzuki-chikako","カート","https://atspect.com/cart","ヘッダー"
"artist-suzuki-chikako","カートを見る","https://atspect.com/cart","ヘッダー"
"artist-suzuki-chikako","作家を探す","https://atspect.com/pages/artists","ヘッダー"
"artist-suzuki-chikako","作品を探す","https://atspect.com/collections/all","ヘッダー"
"artist-suzuki-chikako","あつぺくとについて","https://atspect.com/pages/about","ヘッダー"
"artist-suzuki-chikako","お問い合わせ","https://atspect.com/pages/contact","ヘッダー"
"artist-suzuki-chikako","作家の方へ","https://atspect.com/pages/artist-guide","ヘッダー"
"artist-suzuki-chikako","作品ページへ（価格・詳細）→","https://atspect.com/products/kaeru-butsu","本文"
"artist-suzuki-chikako","作品ページへ（価格・詳細）→","https://atspect.com/products/kakekurabe","本文"
"artist-suzuki-chikako","作品ページへ（価格・詳細）→","https://atspect.com/products/funasogaku","本文"
"artist-suzuki-chikako","よくある質問FAQ常见问题常見問題자주 묻는 질문Questions fréquentesPreguntas frecuentesHäufige Fragen","https://atspect.com/pages/faq","フッター"
"artist-suzuki-chikako","プレスPress媒体媒體프레스PressePrensaPresse","https://atspect.com/pages/press","フッター"
"artist-suzuki-chikako","プライバシーポリシーPrivacy Policy隐私政策隱私權政策개인정보 처리방침Politique de confidentialitéPolítica de privacidadDatenschutzerklärung","https://atspect.com/pages/privacy","フッター"
"artist-suzuki-chikako","特定商取引法に基づく表記Legal Notice (Commercial Transactions)基于特定商业交易法的标示基於特定商業交易法の標示특정상거래법에 따른 표시Mentions légales (transactions commerciales)Aviso legal (transacciones comerciales)Rechtliche Hinweise (Handelsgeschäfte)","https://atspect.com/pages/tokushoho","フッター"
"artist-suzuki-chikako","古物営業法に基づく表示Secondhand Goods Business Act Notice基于旧物营业法的标示基於舊物營業法的標示고물영업법에 따른 표시Mentions légales (objets d'occasion)Aviso legal (artículos de segunda mano)Rechtliche Hinweise (Gebrauchtwarenhandel)","https://atspect.com/pages/tokushoho#kobutsu-hyoji","フッター"
"artist-suzuki-chikako","作家の方へ","https://atspect.com/pages/artist-guide","フッター"
"artist-suzuki-chikako","日本語","https://atspect.com/pages/artist/suzuki-chikako?lang=ja","フッター"
"artist-suzuki-chikako","English","https://atspect.com/pages/artist/suzuki-chikako?lang=en","フッター"
"artist-suzuki-chikako","简体中文","https://atspect.com/pages/artist/suzuki-chikako?lang=zh-cn","フッター"
"artist-suzuki-chikako","繁體中文","https://atspect.com/pages/artist/suzuki-chikako?lang=zh-tw","フッター"
"artist-suzuki-chikako","한국어","https://atspect.com/pages/artist/suzuki-chikako?lang=ko","フッター"
"artist-suzuki-chikako","Français","https://atspect.com/pages/artist/suzuki-chikako?lang=fr","フッター"
"artist-suzuki-chikako","Español","https://atspect.com/pages/artist/suzuki-chikako?lang=es","フッター"
"artist-suzuki-chikako","Deutsch","https://atspect.com/pages/artist/suzuki-chikako?lang=de","フッター"
"artist-suzuki-chikako","お問い合わせContact Us联系我们聯絡我們문의하기Nous contacterContactoKontakt","https://atspect.com/pages/contact","フッター"
"artist-suzuki-chikako","Operated by","https://atspect.co.jp/","フッター"
"product-funasogaku","コンテンツに進む","https://atspect.com/products/funasogaku#MainContent","本文"
"product-funasogaku","日本語","https://atspect.com/products/funasogaku?lang=ja","ヘッダー"
"product-funasogaku","English","https://atspect.com/products/funasogaku?lang=en","ヘッダー"
"product-funasogaku","简体中文","https://atspect.com/products/funasogaku?lang=zh-cn","ヘッダー"
"product-funasogaku","繁體中文","https://atspect.com/products/funasogaku?lang=zh-tw","ヘッダー"
"product-funasogaku","한국어","https://atspect.com/products/funasogaku?lang=ko","ヘッダー"
"product-funasogaku","Français","https://atspect.com/products/funasogaku?lang=fr","ヘッダー"
"product-funasogaku","Español","https://atspect.com/products/funasogaku?lang=es","ヘッダー"
"product-funasogaku","Deutsch","https://atspect.com/products/funasogaku?lang=de","ヘッダー"
"product-funasogaku","","https://atspect.com/","ヘッダー"
"product-funasogaku","","https://atspect.com/pages/wishlist","ヘッダー"
"product-funasogaku","","https://atspect.com/customer_authentication/redirect?locale=ja&region_country=JP","ヘッダー"
"product-funasogaku","カート","https://atspect.com/cart","ヘッダー"
"product-funasogaku","カートを見る","https://atspect.com/cart","ヘッダー"
"product-funasogaku","作家を探す","https://atspect.com/pages/artists","ヘッダー"
"product-funasogaku","作品を探す","https://atspect.com/collections/all","ヘッダー"
"product-funasogaku","あつぺくとについて","https://atspect.com/pages/about","ヘッダー"
"product-funasogaku","お問い合わせ","https://atspect.com/pages/contact","ヘッダー"
"product-funasogaku","作家の方へ","https://atspect.com/pages/artist-guide","ヘッダー"
"product-funasogaku","鈴木 千賀子Chikako SuzukiChikako SuzukiChikako SuzukiChikako SuzukiChikako SuzukiChikako SuzukiChikako Suzuki","https://atspect.com/pages/artist/suzuki-chikako","本文"
"product-funasogaku","費用について詳しく More on fees 费用详情 費用詳情 비용 안내 En savoir plus sur les frais Más sobre los costes Mehr zu den Kosten","https://atspect.com/pages/tokushoho","本文"
"product-funasogaku","予約・お問い合わせする Reserve / Inquire 预约・咨询 預約・諮詢 예약・문의하기 Réserver / Se renseigner Reservar / Consultar Reservieren / Anfragen","https://atspect.com/products/funasogaku#atspect-artwork-inquiry","本文"
"product-funasogaku","作家のページを見る → View the artist's page → 查看作家页面 → 查看作家頁面 → 작가 페이지 보기 → Voir la page de l'artiste → Ver la página del artista → Künstlerprofil ansehen →","https://atspect.com/pages/artist/suzuki-chikako","本文"
"product-funasogaku","《カエル仏》","https://atspect.com/products/kaeru-butsu","本文"
"product-funasogaku","《かけくらべ》","https://atspect.com/products/kakekurabe","本文"
"product-funasogaku","費用について詳しく More on fees 费用详情 費用詳情 비용 안내 En savoir plus sur les frais Más sobre los costes Mehr zu den Kosten","https://atspect.com/pages/tokushoho","本文"
"product-funasogaku","← 鈴木 千賀子 の作家ページに戻る ← Back to Chikako Suzuki's artist page ← 返回 Chikako Suzuki 的作家页面 ← 返回 Chikako Suzuki 的作家頁面 ← Chikako Suzuki 의 작가 페이지로 돌아가기 ← Retour à la page de Chikako Suzuki ← Volver a la página de Chikako Suzuki ← Zurück zur Künstlerseite von Chikako Suzuki","https://atspect.com/pages/artist/suzuki-chikako","本文"
"product-funasogaku","すべての作品へ → All works → 全部作品 → 全部作品 → 모든 작품 → Toutes les œuvres → Todas las obras → Alle Werke →","https://atspect.com/collections/all","本文"
"product-funasogaku","よくある質問FAQ常见问题常見問題자주 묻는 질문Questions fréquentesPreguntas frecuentesHäufige Fragen","https://atspect.com/pages/faq","フッター"
"product-funasogaku","プレスPress媒体媒體프레스PressePrensaPresse","https://atspect.com/pages/press","フッター"
"product-funasogaku","プライバシーポリシーPrivacy Policy隐私政策隱私權政策개인정보 처리방침Politique de confidentialitéPolítica de privacidadDatenschutzerklärung","https://atspect.com/pages/privacy","フッター"
"product-funasogaku","特定商取引法に基づく表記Legal Notice (Commercial Transactions)基于特定商业交易法的标示基於特定商業交易法の標示특정상거래법에 따른 표시Mentions légales (transactions commerciales)Aviso legal (transacciones comerciales)Rechtliche Hinweise (Handelsgeschäfte)","https://atspect.com/pages/tokushoho","フッター"
"product-funasogaku","古物営業法に基づく表示Secondhand Goods Business Act Notice基于旧物营业法的标示基於舊物營業法的標示고물영업법에 따른 표시Mentions légales (objets d'occasion)Aviso legal (artículos de segunda mano)Rechtliche Hinweise (Gebrauchtwarenhandel)","https://atspect.com/pages/tokushoho#kobutsu-hyoji","フッター"
"product-funasogaku","作家の方へ","https://atspect.com/pages/artist-guide","フッター"
"product-funasogaku","日本語","https://atspect.com/products/funasogaku?lang=ja","フッター"
"product-funasogaku","English","https://atspect.com/products/funasogaku?lang=en","フッター"
"product-funasogaku","简体中文","https://atspect.com/products/funasogaku?lang=zh-cn","フッター"
"product-funasogaku","繁體中文","https://atspect.com/products/funasogaku?lang=zh-tw","フッター"
"product-funasogaku","한국어","https://atspect.com/products/funasogaku?lang=ko","フッター"
"product-funasogaku","Français","https://atspect.com/products/funasogaku?lang=fr","フッター"
"product-funasogaku","Español","https://atspect.com/products/funasogaku?lang=es","フッター"
"product-funasogaku","Deutsch","https://atspect.com/products/funasogaku?lang=de","フッター"
"product-funasogaku","お問い合わせContact Us联系我们聯絡我們문의하기Nous contacterContactoKontakt","https://atspect.com/pages/contact","フッター"
"product-funasogaku","Operated by","https://atspect.co.jp/","フッター"
