"name","genre","score","signals"
"佐野繁次郎","デザイン","6","作業メモ／読み注記／代表作が汎称"
"佐野利器","建築","6","他人名記念館／収蔵欄に説明文混入"
"内田祥三","建築","6","他人名記念館／収蔵欄に説明文混入"
"磯崎新","建築","6","他人名記念館／収蔵欄に説明文混入"
"丹下健三","建築","6","他人名記念館／収蔵欄に説明文混入"
"清家清","建築","6","他人名記念館／収蔵欄に説明文混入"
"吉田五十八","建築","6","他人名記念館／収蔵欄に説明文混入"
"村野藤吾","建築","6","他人名記念館／収蔵欄に説明文混入"
"武田霞洞","書","6","作業メモ／収蔵欄に説明文混入／代表作空"
"北村西望","彫刻","6","作業メモ／他人名記念館／vp作品名"
"鈴木信太郎","絵画","5","作業メモ／読み注記／収蔵欄空"
"会津八一","書","5","他人名記念館／代表作が汎称"
"河野鷹思","デザイン","4","作業メモ／代表作が汎称"
"ヨシダミノル","現代美術","4","収蔵欄空／代表作が汎称／vp作品名"
"成田克彦","現代美術","4","作業メモ／収蔵欄空／vp作品名"
"金丸重嶺","写真","4","作業メモ／代表作が汎称"
"殿村藍田","書","4","作業メモ／代表作が汎称"
"炭山南木","書","4","作業メモ／代表作が汎称"
"廣津雲仙","書","4","作業メモ／代表作が汎称"
"深山龍洞","書","4","作業メモ／読み注記"
"渡辺沙鴎","書","4","作業メモ／収蔵欄空／代表作空"
"大澤雅休","書","4","作業メモ／代表作が汎称"
"桑田笹舟","書","4","作業メモ／代表作が汎称"
"桑原翠邦","書","4","作業メモ／代表作が汎称"
"雨宮治郎","彫刻","4","作業メモ／収蔵欄空／vp作品名"
"武石弘三郎","彫刻","4","他人名記念館／vp作品名"
"関野聖雲","彫刻","4","作業メモ／収蔵欄空／vp作品名"
"沼田一雅","彫刻","4","作業メモ／収蔵欄空／vp作品名"
"芦田淳","デザイン","3","収蔵欄空／代表作が汎称"
"原田治","デザイン","3","作業メモ／収蔵欄空"
"森英恵","デザイン","3","収蔵欄空／代表作が汎称"
"桂由美","デザイン","3","収蔵欄空／代表作が汎称"
"中村乃武夫","デザイン","3","作業メモ／収蔵欄空"
"伊東茂平","デザイン","3","作業メモ／収蔵欄空"
"小池岩太郎","デザイン","3","作業メモ／収蔵欄空"
"小林かいち","デザイン","3","作業メモ／収蔵欄空"
"大智浩","デザイン","3","作業メモ／収蔵欄空"
"内藤ルネ","デザイン","3","作業メモ／収蔵欄空"
"灘本唯人","デザイン","3","作業メモ／収蔵欄空"
"長友啓典","デザイン","3","作業メモ／収蔵欄空"
"和田誠","デザイン","3","作業メモ／収蔵欄空"
"戸田ツトム","デザイン","3","作業メモ／収蔵欄空"
"安西水丸","デザイン","3","作業メモ／収蔵欄空"
"福沢一郎","絵画","3","代表作が汎称／vp作品名"
"奥田元宋","絵画","3","作業メモ／vp作品名"
"正宗得三郎","絵画","3","作業メモ／代表作空"
"伊東深水","絵画","3","作業メモ／vp作品名"
"林武","絵画","3","作業メモ／vp作品名"
"谷口吉郎","建築","3","収蔵欄に説明文混入"
"前川國男","建築","3","収蔵欄に説明文混入"
"槇文彦","建築","3","収蔵欄に説明文混入"
"須田剋太","現代美術","3","他人名記念館"
"原口典之","現代美術","3","代表作が汎称／vp作品名"
"浜田知明","現代美術","3","代表作が汎称／vp作品名"
"熊倉順吉","工芸","3","代表作が汎称／vp作品名"
"加藤唐九郎","工芸","3","他人名記念館"
"上野為二","工芸","3","作業メモ／収蔵欄空"
"生野祥雲斎","工芸","3","作業メモ／vp作品名"
"並河靖之","工芸","3","作業メモ／代表作空"
"羽田登喜男","工芸","3","作業メモ／vp作品名"
"薗部澄","写真","3","作業メモ／代表作空"
"影山光洋","写真","3","作業メモ／代表作空"
"福原路草","写真","3","作業メモ／代表作空"
"手島右卿","書","3","代表作が汎称／vp作品名"
"清水多嘉示","彫刻","3","作業メモ／vp作品名"
"桜井祐一","彫刻","3","作業メモ／vp作品名"
"古賀忠雄","彫刻","3","作業メモ／vp作品名"
"藤川勇造","彫刻","3","作業メモ／vp作品名"
"粟津潔","デザイン","2","代表作が汎称"
"早川良雄","デザイン","2","代表作が汎称"
"橋口五葉","デザイン","2","作業メモ"
"木村恒久","デザイン","2","代表作が汎称"
"永井一正","デザイン","2","作業メモ"
"水之江忠臣","デザイン","2","作業メモ"
"今竹七郎","デザイン","2","作業メモ"
"杉浦非水","デザイン","2","作業メモ"
"松本竣介","絵画","2","夭折ラベル／vp作品名"
"土田麦僊","絵画","2","夭折ラベル／vp作品名"
"川崎小虎","絵画","2","作業メモ"
"靉光","絵画","2","夭折ラベル／vp作品名"
"三宅克己","絵画","2","作業メモ"
"菱田春草","絵画","2","夭折ラベル／vp作品名"
"山口蓬春","絵画","2","作業メモ"
"古賀春江","絵画","2","夭折ラベル／vp作品名"
"今村紫紅","絵画","2","夭折ラベル／vp作品名"
"中村琢二","絵画","2","作業メモ"
"中村彝","絵画","2","夭折ラベル／vp作品名"
"原田直次郎","絵画","2","夭折ラベル／vp作品名"
"中山巍","絵画","2","作業メモ"
"大下藤次郎","絵画","2","夭折ラベル／収蔵欄空"
"青木繁","絵画","2","夭折ラベル／vp作品名"
"岸田劉生","絵画","2","夭折ラベル／vp作品名"
"関根正二","絵画","2","夭折ラベル／vp作品名"
"林重義","絵画","2","作業メモ"
"伊原宇三郎","絵画","2","作業メモ"
"吉田稔郎","現代美術","2","代表作が汎称"
"上前智祐","現代美術","2","代表作が汎称"
"中西夏之","現代美術","2","代表作が汎称"
"榎倉康二","現代美術","2","代表作が汎称"
"宇佐美圭司","現代美術","2","代表作が汎称"
"富山妙子","現代美術","2","代表作が汎称"
"福島秀子","現代美術","2","作業メモ"
"桑山忠明","現代美術","2","代表作が汎称"
"井田照一","現代美術","2","代表作が汎称"
"田中信太郎","現代美術","2","代表作が汎称"
"岡本信治郎","現代美術","2","作業メモ"
"吉原英雄","現代美術","2","代表作が汎称"
"池田龍雄","現代美術","2","代表作が汎称"
"桂ゆき","現代美術","2","読み注記"
"三木富雄","現代美術","2","作業メモ"
"田名網敬一","現代美術","2","代表作が汎称"
"今井俊満","現代美術","2","代表作が汎称"
"平田郷陽","工芸","2","収蔵欄空／vp作品名"
"各務鑛三","工芸","2","作業メモ"
"帖佐美行","工芸","2","収蔵欄空／vp作品名"
"宮川香山","工芸","2","作業メモ"
"北大路魯山人","工芸","2","代表作が汎称"
"堀柳女","工芸","2","収蔵欄空／vp作品名"
"野島康三","写真","2","作業メモ"
"三木淳","写真","2","代表作が汎称"
"山沢栄子","写真","2","代表作が汎称"
"坂田稔","写真","2","作業メモ"
"常盤とよ子","写真","2","作業メモ"
"中村正也","写真","2","作業メモ"
"篠山紀信","写真","2","代表作が汎称"
"田村茂","写真","2","作業メモ"
"安東聖空","書","2","代表作が汎称"
"松本芳翠","書","2","代表作が汎称"
"宇野雪村","書","2","代表作が汎称"
"川村驥山","書","2","代表作が汎称"
"比田井南谷","書","2","代表作が汎称"
"山岡鉄舟","書","2","代表作が汎称"
"上條信山","書","2","代表作が汎称"
"副島種臣","書","2","代表作が汎称"
"中林梧竹","書","2","代表作が汎称"
"日下部鳴鶴","書","2","代表作が汎称"
"高木聖鶴","書","2","代表作が汎称"
"篠田桃紅","書","2","代表作が汎称"
"栗原蘆水","書","2","代表作が汎称"
"榊莫山","書","2","作業メモ"
"今井凌雪","書","2","代表作が汎称"
"田中塊堂","書","2","代表作が汎称"
"小林斗盦","書","2","代表作が汎称"
"杉岡華邨","書","2","代表作が汎称"
"近藤雪竹","書","2","代表作が汎称"
"村上三島","書","2","作業メモ"
"小坂奇石","書","2","代表作が汎称"
"熊谷恒子","書","2","代表作が汎称"
"生井子華","書","2","読み注記"
"飯島春敬","書","2","代表作が汎称"
"尾上柴舟","書","2","代表作が汎称"
"小野鵞堂","書","2","代表作が汎称"
"金子鷗亭","書","2","代表作が汎称"
"辻本史邑","書","2","代表作が汎称"
"鈴木翠軒","書","2","代表作が汎称"
"比田井天来","書","2","代表作が汎称"
"豊道春海","書","2","作業メモ"
"青山杉雨","書","2","代表作が汎称"
"上田桑鳩","書","2","代表作が汎称"
"西川寧","書","2","代表作が汎称"
"日比野五鳳","書","2","代表作が汎称"
"加藤顕清","彫刻","2","収蔵欄空／vp作品名"
"菊池一雄","彫刻","2","収蔵欄空／vp作品名"
"橋本平八","彫刻","2","夭折ラベル／vp作品名"
"佐藤玄々","彫刻","2","収蔵欄空／vp作品名"
"北村四海","彫刻","2","収蔵欄空／vp作品名"
"鈴木千賀子","彫刻","2","収蔵欄空／代表作空"
"雨宮敬子","彫刻","2","収蔵欄空／vp作品名"
"山本豊市","彫刻","2","収蔵欄空／vp作品名"
"小篠綾子","デザイン","1","収蔵欄空"
"花森安治","デザイン","1","収蔵欄空"
"高田賢三","デザイン","1","収蔵欄空"
"田中千代","デザイン","1","収蔵欄空"
"桑沢洋子","デザイン","1","収蔵欄空"
"中原淳一","デザイン","1","収蔵欄空"
"杉本貴志","デザイン","1","収蔵欄空"
"秋岡芳夫","デザイン","1","収蔵欄空"
"内田繁","デザイン","1","収蔵欄空"
"山本寛斎","デザイン","1","収蔵欄空"
"麻田鷹司","絵画","1","vp作品名"
"都路華香","絵画","1","vp作品名"
"山本鼎","絵画","1","vp作品名"
"津田青楓","絵画","1","vp作品名"
"狩野芳崖","絵画","1","vp作品名"
"佐藤太清","絵画","1","vp作品名"
"荒木寛畝","絵画","1","vp作品名"
"平福百穂","絵画","1","vp作品名"
"松岡映丘","絵画","1","vp作品名"
"木島桜谷","絵画","1","vp作品名"
"佐分真","絵画","1","夭折ラベル"
"菊池芳文","絵画","1","vp作品名"
"坂本繁二郎","絵画","1","vp作品名"
"須田国太郎","絵画","1","vp作品名"
"甲斐荘楠音","絵画","1","vp作品名"
"鶴岡政男","絵画","1","vp作品名"
"木村武山","絵画","1","vp作品名"
"上村松園","絵画","1","vp作品名"
"麻生三郎","絵画","1","vp作品名"
"国吉康雄","絵画","1","vp作品名"
"里見勝蔵","絵画","1","収蔵欄空"
"高畠達四郎","絵画","1","収蔵欄空"
"萬鉄五郎","絵画","1","vp作品名"
"中村正義","絵画","1","夭折ラベル"
"硲伊之助","絵画","1","収蔵欄空"
"横山操","絵画","1","夭折ラベル"
"吉田博","絵画","1","vp作品名"
"加山又造","絵画","1","vp作品名"
"鴨居玲","絵画","1","vp作品名"
"速水御舟","絵画","1","夭折ラベル"
"黒田清輝","絵画","1","vp作品名"
"鏑木清方","絵画","1","vp作品名"
"川合玉堂","絵画","1","vp作品名"
"安田靫彦","絵画","1","vp作品名"
"井上長三郎","絵画","1","収蔵欄空"
"小茂田青樹","絵画","1","夭折ラベル"
"山下菊二","絵画","1","vp作品名"
"浅井忠","絵画","1","vp作品名"
"前田青邨","絵画","1","vp作品名"
"高橋由一","絵画","1","vp作品名"
"小倉遊亀","絵画","1","vp作品名"
"山本丘人","絵画","1","vp作品名"
"下村観山","絵画","1","vp作品名"
"村山槐多","絵画","1","夭折ラベル"
"杉山寧","絵画","1","vp作品名"
"安井曾太郎","絵画","1","vp作品名"
"橋本雅邦","絵画","1","vp作品名"
"小磯良平","絵画","1","vp作品名"
"梅原龍三郎","絵画","1","vp作品名"
"田中一村","絵画","1","vp作品名"
"吉岡堅二","絵画","1","収蔵欄空"
"佐伯祐三","絵画","1","夭折ラベル"
"有島生馬","絵画","1","収蔵欄空"
"西郷孤月","絵画","1","夭折ラベル"
"三岸好太郎","絵画","1","夭折ラベル"
"松林桂月","絵画","1","vp作品名"
"東山魁夷","絵画","1","vp作品名"
"藤島武二","絵画","1","vp作品名"
"村上華岳","絵画","1","vp作品名"
"守屋多々志","絵画","1","vp作品名"
"岡田三郎助","絵画","1","vp作品名"
"前田寛治","絵画","1","夭折ラベル"
"中川一政","絵画","1","vp作品名"
"丸木俊","絵画","1","vp作品名"
"橋本関雪","絵画","1","vp作品名"
"刀根康尚","現代美術","1","収蔵欄空"
"田中敦子","現代美術","1","vp作品名"
"新妻實","現代美術","1","収蔵欄空"
"村上三郎","現代美術","1","vp作品名"
"山口勝弘","現代美術","1","vp作品名"
"岡本太郎","現代美術","1","vp作品名"
"宮脇愛子","現代美術","1","vp作品名"
"関根伸夫","現代美術","1","vp作品名"
"浮田要三","現代美術","1","収蔵欄空"
"高松次郎","現代美術","1","vp作品名"
"野口光彦","工芸","1","vp作品名"
"松田権六","工芸","1","vp作品名"
"高野松山","工芸","1","収蔵欄空"
"増村益城","工芸","1","収蔵欄空"
"鹿児島寿蔵","工芸","1","収蔵欄空"
"佐々木象堂","工芸","1","vp作品名"
"海野清","工芸","1","収蔵欄空"
"関谷四郎","工芸","1","収蔵欄空"
"鹿島一谷","工芸","1","収蔵欄空"
"田口善国","工芸","1","収蔵欄空"
"藤田喬平","工芸","1","vp作品名"
"隅谷正峯","工芸","1","vp作品名"
"中臺瑞真","工芸","1","収蔵欄空"
"徳田八十吉","工芸","1","vp作品名"
"三輪壽雪","工芸","1","vp作品名"
"浅蔵五十吉","工芸","1","vp作品名"
"松井康成","工芸","1","vp作品名"
"近藤悠三","工芸","1","vp作品名"
"川喜田半泥子","工芸","1","vp作品名"
"富本憲吉","工芸","1","vp作品名"
"山田光","工芸","1","vp作品名"
"河井寛次郎","工芸","1","vp作品名"
"楠部彌弌","工芸","1","vp作品名"
"加藤土師萌","工芸","1","vp作品名"
"宗廣力三","工芸","1","収蔵欄空"
"小宮康助","工芸","1","収蔵欄空"
"北出塔次郎","工芸","1","vp作品名"
"佐治賢使","工芸","1","vp作品名"
"小宮康孝","工芸","1","収蔵欄空"
"加守田章二","工芸","1","夭折ラベル"
"八木一夫","工芸","1","vp作品名"
"福原信三","写真","1","vp作品名"
"中山岩太","写真","1","vp作品名"
"安井仲治","写真","1","vp作品名"
"小石清","写真","1","vp作品名"
"濱谷浩","写真","1","vp作品名"
"倉田精二","写真","1","vp作品名"
"土門拳","写真","1","vp作品名"
"深瀬昌久","写真","1","vp作品名"
"細江英公","写真","1","vp作品名"
"牛腸茂雄","写真","1","vp作品名"
"沢田教一","写真","1","vp作品名"
"二川幸夫","写真","1","収蔵欄空"
"須田一政","写真","1","vp作品名"
"奈良原一高","写真","1","vp作品名"
"大澤竹胎","書","1","収蔵欄空"
"井上有一","書","1","vp作品名"
"森田子龍","書","1","vp作品名"
"丹羽海鶴","書","1","収蔵欄空"
"江口週","彫刻","1","vp作品名"
"笹村草家人","彫刻","1","vp作品名"
"土谷武","彫刻","1","vp作品名"
"中村直人","彫刻","1","vp作品名"
"新海竹蔵","彫刻","1","vp作品名"
"雨田光平","彫刻","1","vp作品名"
"三木宗策","彫刻","1","vp作品名"
"吾妻兼治郎","彫刻","1","vp作品名"
"北村治禧","彫刻","1","vp作品名"
"多田美波","彫刻","1","vp作品名"
"富永直樹","彫刻","1","vp作品名"
"飯田善國","彫刻","1","vp作品名"
"高村光太郎","彫刻","1","vp作品名"
"淀井敏夫","彫刻","1","vp作品名"
"本郷新","彫刻","1","vp作品名"
"高村光雲","彫刻","1","vp作品名"
"澤田政廣","彫刻","1","vp作品名"
"堀内正和","彫刻","1","vp作品名"
"向井良吉","彫刻","1","vp作品名"
"イサム・ノグチ","彫刻","1","vp作品名"
"木下繁","彫刻","1","vp作品名"
"若林奮","彫刻","1","vp作品名"
"流政之","彫刻","1","vp作品名"
"保田龍門","彫刻","1","vp作品名"
"植木茂","彫刻","1","vp作品名"
"笠置季男","彫刻","1","vp作品名"
"分部順治","彫刻","1","vp作品名"
"内藤伸","彫刻","1","vp作品名"
"平櫛田中","彫刻","1","vp作品名"
"圓鍔勝三","彫刻","1","vp作品名"
"中原悌二郎","彫刻","1","vp作品名"
"米原雲海","彫刻","1","収蔵欄空"
"新海竹太郎","彫刻","1","vp作品名"
"戸張孤雁","彫刻","1","vp作品名"
"建畠大夢","彫刻","1","vp作品名"
"吉田三郎","彫刻","1","vp作品名"
"堀進二","彫刻","1","vp作品名"
"柳原義達","彫刻","1","vp作品名"
"舟越保武","彫刻","1","vp作品名"
"木内克","彫刻","1","vp作品名"
"荻原守衛","彫刻","1","vp作品名"
"剣持勇","デザイン","0",""
"田中一光","デザイン","0",""
"柳宗理","デザイン","0",""
"渡辺力","デザイン","0",""
"亀倉雄策","デザイン","0",""
"仲條正義","デザイン","0",""
"石岡瑛子","デザイン","0",""
"真鍋博","デザイン","0",""
"山城隆一","デザイン","0",""
"大橋正","デザイン","0",""
"榮久庵憲司","デザイン","0",""
"勝井三雄","デザイン","0",""
"三宅一生","デザイン","0",""
"長大作","デザイン","0",""
"柚木沙弥郎","デザイン","0",""
"福田繁雄","デザイン","0",""
"豊口克平","デザイン","0",""
"山名文夫","デザイン","0",""
"原弘","デザイン","0",""
"森正洋","デザイン","0",""
"倉俣史朗","デザイン","0",""
"上村松篁","絵画","0",""
"不染鉄","絵画","0",""
"木村荘八","絵画","0",""
"鳥海青児","絵画","0",""
"海老原喜之助","絵画","0",""
"三岸節子","絵画","0",""
"後藤純男","絵画","0",""
"丸木位里","絵画","0",""
"湯浅一郎","絵画","0",""
"福王寺法林","絵画","0",""
"山元春挙","絵画","0",""
"中沢弘光","絵画","0",""
"南薫造","絵画","0",""
"太田喜二郎","絵画","0",""
"満谷国四郎","絵画","0",""
"鹿子木孟郎","絵画","0",""
"加藤栄三","絵画","0",""
"藤田嗣治","絵画","0",""
"荒木十畝","絵画","0",""
"寺崎広業","絵画","0",""
"加藤東一","絵画","0",""
"小出楢重","絵画","0",""
"結城素明","絵画","0",""
"池上秀畝","絵画","0",""
"石川寅治","絵画","0",""
"中村貞以","絵画","0",""
"牧野虎雄","絵画","0",""
"鬼頭鍋三郎","絵画","0",""
"山本芳翠","絵画","0",""
"川端玉章","絵画","0",""
"五姓田義松","絵画","0",""
"大沢昌助","絵画","0",""
"岩崎巴人","絵画","0",""
"小杉放菴","絵画","0",""
"和田英作","絵画","0",""
"倉田白羊","絵画","0",""
"森田恒友","絵画","0",""
"黒田重太郎","絵画","0",""
"久米桂一郎","絵画","0",""
"川島理一郎","絵画","0",""
"中川紀元","絵画","0",""
"児島善三郎","絵画","0",""
"中村大三郎","絵画","0",""
"北野恒富","絵画","0",""
"島成園","絵画","0",""
"西村五雲","絵画","0",""
"福田平八郎","絵画","0",""
"徳岡神泉","絵画","0",""
"山口華楊","絵画","0",""
"難波田龍起","絵画","0",""
"福田豊四郎","絵画","0",""
"村井正誠","絵画","0",""
"児玉希望","絵画","0",""
"野口弥太郎","絵画","0",""
"堅山南風","絵画","0",""
"郷倉千靱","絵画","0",""
"小林和作","絵画","0",""
"小林古径","絵画","0",""
"中村岳陵","絵画","0",""
"川端龍子","絵画","0",""
"田中保","絵画","0",""
"富岡鉄斎","絵画","0",""
"横山大観","絵画","0",""
"中村不折","絵画","0",""
"入江波光","絵画","0",""
"榊原紫峰","絵画","0",""
"堂本印象","絵画","0",""
"小野竹喬","絵画","0",""
"竹内栖鳳","絵画","0",""
"菊池契月","絵画","0",""
"西山翠嶂","絵画","0",""
"石井柏亭","絵画","0",""
"山下新太郎","絵画","0",""
"小山敬三","絵画","0",""
"熊谷守一","絵画","0",""
"猪熊弦一郎","絵画","0",""
"池田遙邨","絵画","0",""
"清水登之","絵画","0",""
"林倭衛","絵画","0",""
"牛島憲之","絵画","0",""
"山口長男","絵画","0",""
"荻須高徳","絵画","0",""
"岩橋英遠","絵画","0",""
"脇田和","絵画","0",""
"宮本三郎","絵画","0",""
"田崎広助","絵画","0",""
"香月泰男","絵画","0",""
"東郷青児","絵画","0",""
"橋本明治","絵画","0",""
"平山郁夫","絵画","0",""
"高山辰雄","絵画","0",""
"曾宮一念","絵画","0",""
"片岡球子","絵画","0",""
"中村研一","絵画","0",""
"寺内萬治郎","絵画","0",""
"秋野不矩","絵画","0",""
"山口薫","絵画","0",""
"伊東忠太","建築","0",""
"辰野金吾","建築","0",""
"片山東熊","建築","0",""
"池田満寿夫","現代美術","0",""
"北代省三","現代美術","0",""
"田淵安一","現代美術","0",""
"駒井哲郎","現代美術","0",""
"立石大河亞","現代美術","0",""
"高山登","現代美術","0",""
"斎藤真一","現代美術","0",""
"瑛九","現代美術","0",""
"利根山光人","現代美術","0",""
"堀尾貞治","現代美術","0",""
"山崎つる子","現代美術","0",""
"赤瀬川原平","現代美術","0",""
"河原温","現代美術","0",""
"工藤哲巳","現代美術","0",""
"白髪一雄","現代美術","0",""
"吉原治良","現代美術","0",""
"嶋本昭三","現代美術","0",""
"金山明","現代美術","0",""
"元永定正","現代美術","0",""
"久保田成子","現代美術","0",""
"荒川修作","現代美術","0",""
"吉村益信","現代美術","0",""
"松澤宥","現代美術","0",""
"山本悍右","現代美術","0",""
"堂本尚郎","現代美術","0",""
"吉田克朗","現代美術","0",""
"斎藤義重","現代美術","0",""
"菅井汲","現代美術","0",""
"オノサト・トシノブ","現代美術","0",""
"木村雨山","工芸","0",""
"稲垣稔次郎","工芸","0",""
"芹沢銈介","工芸","0",""
"森口華弘","工芸","0",""
"音丸耕堂","工芸","0",""
"龍村平蔵","工芸","0",""
"鎌倉芳太郎","工芸","0",""
"鈴木治","工芸","0",""
"田村耕一","工芸","0",""
"大隅俊平","工芸","0",""
"天田昭次","工芸","0",""
"塚本快示","工芸","0",""
"加藤孝造","工芸","0",""
"島岡達三","工芸","0",""
"藤本能道","工芸","0",""
"飯塚琅玕斎","工芸","0",""
"蓮田修吾郎","工芸","0",""
"内藤四郎","工芸","0",""
"岩田藤七","工芸","0",""
"宮入行平","工芸","0",""
"高橋貞次","工芸","0",""
"濤川惣助","工芸","0",""
"高村豊周","工芸","0",""
"大場松魚","工芸","0",""
"寺井直次","工芸","0",""
"赤地友哉","工芸","0",""
"塩多慶四郎","工芸","0",""
"香取秀真","工芸","0",""
"氷見晃堂","工芸","0",""
"黒田辰秋","工芸","0",""
"加藤卓男","工芸","0",""
"三輪休和","工芸","0",""
"石黒宗麿","工芸","0",""
"金重陶陽","工芸","0",""
"中里無庵","工芸","0",""
"山田貢","工芸","0",""
"北村武資","工芸","0",""
"藤原啓","工芸","0",""
"諏訪蘇山","工芸","0",""
"濱田庄司","工芸","0",""
"板谷波山","工芸","0",""
"伊東陶山","工芸","0",""
"河本五郎","工芸","0",""
"荒川豊蔵","工芸","0",""
"宇野宗甕","工芸","0",""
"藤原雄","工芸","0",""
"香取正彦","工芸","0",""
"山本陶秀","工芸","0",""
"山崎覚太郎","工芸","0",""
"江里佐代子","工芸","0",""
"清水卯一","工芸","0",""
"大野昭和斎","工芸","0",""
"飯塚小玕斎","工芸","0",""
"児玉博","工芸","0",""
"与那嶺貞","工芸","0",""
"平良敏子","工芸","0",""
"南部芳松","工芸","0",""
"六角紫水","工芸","0",""
"磯井正美","工芸","0",""
"磯井如真","工芸","0",""
"上野彦馬","写真","0",""
"小川一真","写真","0",""
"石元泰博","写真","0",""
"中平卓馬","写真","0",""
"平井輝七","写真","0",""
"横山松三郎","写真","0",""
"鹿島清兵衛","写真","0",""
"田淵行男","写真","0",""
"菊池俊吉","写真","0",""
"桑原甲子雄","写真","0",""
"清水武甲","写真","0",""
"東松照明","写真","0",""
"石津良介","写真","0",""
"大辻清司","写真","0",""
"一ノ瀬泰造","写真","0",""
"平良孝七","写真","0",""
"芳賀日出男","写真","0",""
"日高長太郎","写真","0",""
"淵上白陽","写真","0",""
"星野道夫","写真","0",""
"長野重一","写真","0",""
"秋山庄太郎","写真","0",""
"前田真三","写真","0",""
"大竹省二","写真","0",""
"山端庸介","写真","0",""
"田沼武能","写真","0",""
"富重利平","写真","0",""
"日下部金兵衛","写真","0",""
"内田九一","写真","0",""
"植田正治","写真","0",""
"名取洋之助","写真","0",""
"木村伊兵衛","写真","0",""
"林忠彦","写真","0",""
"堀野正雄","写真","0",""
"師岡宏次","写真","0",""
"岩宮武二","写真","0",""
"藤本四八","写真","0",""
"渡辺義雄","写真","0",""
"下岡蓮杖","写真","0",""
"福島菊次郎","写真","0",""
"田本研造","写真","0",""
"入江泰吉","写真","0",""
"大束元","写真","0",""
"西川春洞","書","0",""
"中村素堂","書","0",""
"比田井小琴","書","0",""
"江口草玄","書","0",""
"相田みつを","書","0",""
"松井如流","書","0",""
"宮本竹逕","書","0",""
"山崎朝雲","彫刻","0",""
"石井鶴三","彫刻","0",""
"日名子実三","彫刻","0",""
"高田博厚","彫刻","0",""
"佐藤忠良","彫刻","0",""
"朝倉文夫","彫刻","0",""
