優先度	没年	束	作家	欄	疑義の内容	本便の裏取り結果	出典	状態
B（団体名・受賞歴・収蔵先＝第三者が確認できる事実）	2013	第52束	渡辺 力	所属団体	「日本インダストリアルデザイナー協会」＝正式名称は「日本インダストリアルデザイン協会」との指摘	★裏が取れたが、単純な誤りではない。JIDA公式沿革の実測＝1952年発足→2012年公益認定時に『公益社団法人日本インダストリアルデザイナー協会』→2021年に『公益社団法人日本インダストリアルデザイン協会』へ改名。渡辺さまの没年は2013年で、ご存命中の名称は『デザイナー協会』。当時の名称としては誤りではない。★あわせてJIDA発足メンバー25名に「渡辺力」が公式に明記されていることを確認した。	JIDA公式 https://www.jida.or.jp/about （2026-08-21取得）	要判断（現名称か当時の名称か）
B（団体名・受賞歴・収蔵先＝第三者が確認できる事実）	2005	第51束	脇田 和	略歴・収蔵先	「軽井沢脇田美術館」＝公式名称は「脇田美術館」	★裏が取れた。館公式サイトの表題＝「脇田美術館」／軽井沢町公式ページ＝「脇田美術館」（「軽井沢脇田美術館」の表記は0件）。当社は略歴・収蔵先の両方が「軽井沢脇田美術館」。★本便のタスク1（収蔵先欄の監査）とも重なる。	脇田美術館 公式 http://www.wakita-museum.com/ ／軽井沢町公式 https://www.town.karuizawa.lg.jp/page/1202.html （2026-08-21取得）	是正候補（高）
B（団体名・受賞歴・収蔵先＝第三者が確認できる事実）	2001	第52束	山田 光	略歴	「走泥社に加わった」＝美術館資料では結成者の一人（1948年）	本便では裏取りしていない（上位10件の枠外）	—	未着手
B（団体名・受賞歴・収蔵先＝第三者が確認できる事実）	1997	第51束	牛島 憲之	略歴・所属団体	「独立美術協会で活動した」＝主な活動団体は創元会・立軌会・主線美術協会	★3系統とも独立美術協会の記載がない。①20世紀日本人名事典「昭和2年 上杜会を結成」「17年創元会会員」「24年創元会を退会し、須田寿らと立軌会を結成」②日本大百科全書「1949年立軌会結成に参加し、日展への出品をやめる」③ブリタニカ国際大百科事典「東光会、主線美術協会、創元会にそれぞれ会員として参加」。複数の権威資料が団体名を具体的に列挙していて、そこに独立美術協会が無い＝誤りと判断するのが合理的（断定はしない）。	コトバンク所収 20世紀日本人名事典／日本大百科全書／ブリタニカ国際大百科事典 小項目事典（2026-08-21取得・逐語確認）	是正候補（高）
B（団体名・受賞歴・収蔵先＝第三者が確認できる事実）	1997	第51束	牛島 憲之	略歴・代表作	《炎天》《貝》＝公的資料で確認できるのは《炎昼》《貝焼場》等	★方向として裏が取れた。20世紀日本人名事典「21年『炎昼』で日展特選」／日本大百科全書「1946年 第2回日展で特選」／ブリタニカ「46年『炎昼』で日展の特選を受賞」。《炎天》は3系統いずれにも無い。《貝》については本便では確認していない。	同上	是正候補（炎天→炎昼・高）／《貝》は未確認
B（団体名・受賞歴・収蔵先＝第三者が確認できる事実）	1987	第47束	手島 右卿	略歴	「独立書人団を結成した」＝1952年結成時の名称は「独立書道会」	★裏が取れた（3系統）。①独立書人団公式「会の発足は1952年、当初は『独立書道会』という名称でした。1967年『独立書人団』と名称を改め」②同 手島右卿 略年譜「1952 独立書道会（現独立書人団）を結成。代表となる。」③日本大百科全書（ニッポニカ）「独立書道会（1952）、独立書人団（1967）を創立」。★20世紀日本人名事典のみ「27年に『独立書人団』を結成」と書き、資料が割れる。	公益財団法人 独立書人団 公式 https://www.dokuritsu.or.jp/shoukai/ ／同 /teshimayuhkei/ ／コトバンク所収 日本大百科全書（2026-08-21取得）	是正候補（高）
B（団体名・受賞歴・収蔵先＝第三者が確認できる事実）	1987	第47束	手島 右卿	略歴	「日本芸術院賞を受けた」＝確認できるのは毎日芸術賞	★3系統とも日本芸術院賞の記載がなく、毎日芸術賞が一致して挙がる。①独立書人団公式年譜「翌年書道界初の『毎日芸術賞』が贈られる」②20世紀日本人名事典 主な受賞名＝毎日芸術賞〔昭和43年〕・勲三等旭日中綬章・文化功労者ほか③日本大百科全書「68年毎日芸術賞受賞。82年文化功労者」。★日本芸術院公式の歴代授賞者一覧は年度別ページで、本便では手島さまの授賞の有無を確認できなかった＝「無いことを確認した」とは書かない。	同上＋日本芸術院公式 https://www.geijutuin.go.jp/award/award_prize.html （一覧は年度別・本便で未確認）	是正候補（高・ただし断定しない）
B（団体名・受賞歴・収蔵先＝第三者が確認できる事実）	1986	第51束	梅原 龍三郎	略歴	「のちに国画会に洋画部を設けた」＝洋画部を設けた当時の団体は国画創作協会	★裏が取れた。国画会公式（国展）絵画部の歴史＝「1925年（大正14年）国画創作協会は、梅原龍三郎（37歳）、川島理一郎（39歳）、を迎え入れ、1926年（大正15年）第2部としての洋画部を新設し」「1928年（昭和3年）国画創作協会第1部が解散してからは名称を『国画会』と改称し」。★同ページには「1918年（大正8年）」という西暦・元号の食い違いもある（1918年は大正7年）。	国画会（国展）公式 https://kokuten.com/kaiga-rekishi （2026-08-21取得・逐語確認）	是正候補（高）
B（団体名・受賞歴・収蔵先＝第三者が確認できる事実）	1986	第51束	梅原 龍三郎	略歴	「1914年に二科会の創立に参加」＝二科会公式沿革では創立は1915年	★公式サイト自身が割れている。トップページ＝「1914年の二科会結成以来」「二科会は、1914年の創立以来」／沿革ページ＝「1914年（大正3年）に始まった第1回二科美術展覧会です。翌年の1915年（大正4年）には、第1回展の鑑査委員が会員となり『二科会』が創立されました」。当社の記述は公式の一方と一致し他方と食い違う。当方では決めない。	二科会公式 https://www.nika.or.jp/ ／ https://nika.or.jp/about-us/history/ （2026-08-21取得・逐語確認）	要判断（公式が割れている）
B（団体名・受賞歴・収蔵先＝第三者が確認できる事実）	1979	第49束	鶴岡 政男	略歴	《重い手》「宙に浮かぶ巨大な手」＝東京都現代美術館の解説と一致しない	本便では裏取りしていない（上位10件の枠外）	—	未着手
B（団体名・受賞歴・収蔵先＝第三者が確認できる事実）	1978	第48束	三木 富雄	略歴	「なぜ耳なのかを語らないまま」＝豊田市美術館の資料では発言が残るとされ断定しにくい	本便では裏取りしていない（上位10件の枠外）	—	未着手
B（団体名・受賞歴・収蔵先＝第三者が確認できる事実）	1978	第49束	津田 青楓	略歴	「釈放の条件として二科会を離れた」＝脱会が釈放条件ではなかった可能性	本便では裏取りしていない（上位10件の枠外）	—	未着手
B（団体名・受賞歴・収蔵先＝第三者が確認できる事実）	1916	第52束	渡辺 沙鴎	略歴	「名古屋生まれ」＝成田山書道美術館は春日井生まれとする	本便では裏取りしていない（上位10件の枠外）	—	未着手
C（その他＝表現・年代・帰属）	2020	第47束	戸田 ツトム	略歴	2020年に没しているが、原文が現在の肩書きのような書き方になっている	★反証。当社の略歴は627名中383名（61%）が「〜で知られる。」等の現在形終止を使い、2000年以降に物故した178名でも108名（61%）が同じ。戸田さま個別の誤りではなく、当社の文体の型そのもの。個別是正の対象にすると型が壊れる。	当方が627名の bio.ja を機械照合（2026-08-21）	是正しない（型の問題として別途）
C（その他＝表現・年代・帰属）	2019	第49束	山崎 つる子	略歴	「鏡のように光を反射する赤い箱」＝赤いビニール製で内部照明を用いた立方体状の作品を指す可能性	★裏が取れた。東京文化財研究所『日本美術年鑑』令和2年版の物故者記事＝1956年 野外具体美術展で「赤い硬質ビニールを木に括って張り巡らせた蚊帳状の立体作品（1985年に再制作、「赤」兵庫県立美術館蔵）」。鏡は別系統＝「金属板を支持体とし、これに鏡やセロファンを貼付」。当社の記述は2つの別作品を1つに混ぜている疑いが濃い。★代表作欄の「赤い箱」も、官製の作品名は「赤」。	東京文化財研究所 物故者記事 https://www.tobunken.go.jp/materials/bukko/2041041.html （2026-08-21取得・逐語確認）	是正候補（高）
C（その他＝表現・年代・帰属）	2013	第52束	渡辺 力	略歴	「籐を編んだ丸いスツール」＝著名な籐製「トリイスツール」は丸形ではない	★当社データ内部の食い違いを確認。代表作欄＝「トリイスツール、掛時計などの製品」／略歴＝「籐を編んだ丸いスツール」。トリイスツールは鳥居形で丸形ではない。別作品（1950年の籐製スツール）を指している可能性が高いが、本便では作品の同定に至らず。	当社ライブデータの実測（2026-08-21）。作品の同定は未確認	要追加調査
C（その他＝表現・年代・帰属）	2003	第51束	若林 奮	功績	「重い鉄のかたまり」＝《大気中の緑色に属するもの》の素材は鉛・木とする修復報告がある	本便では裏取りしていない（上位10件の枠外）	—	未着手
C（その他＝表現・年代・帰属）	2002	第52束	山田 貢	略歴	「京都で友禅を学び」＝公的資料では14歳で中村勝馬に師事（東京友禅系）	本便では裏取りしていない（上位10件の枠外）	—	未着手
C（その他＝表現・年代・帰属）	2002	第52束	山田 貢	略歴	「日展を舞台に活躍」＝主要な発表の場は日本伝統工芸展とする資料がある	本便では裏取りしていない（上位10件の枠外）	—	未着手
C（その他＝表現・年代・帰属）	2001	第52束	山田 光	略歴	「京都に生まれた」＝東文研ほかでは東京生まれ・岐阜市育ち	本便では裏取りしていない（上位10件の枠外）	—	未着手
C（その他＝表現・年代・帰属）	2000	第48束	殿村 藍田	略歴	「篆隷を得意とした」＝謙慎書道会の略歴に該当記載がなく行草とする資料がある	本便では裏取りしていない（上位10件の枠外）	—	未着手
C（その他＝表現・年代・帰属）	1995	第51束	分部 順治	略歴	「文展・帝展から日展まで」＝初入選は帝展で、その後は新文展	★裏が取れた。20世紀日本人名事典「昭和7年帝展に初入選」／日本人名大辞典+Plus「昭和7年帝展に初入選。12年,13年新文展で特選」。旧文展（〜1918年）は分部さま（1911年生）の年代と合わない。	コトバンク所収 20世紀日本人名事典／デジタル版 日本人名大辞典+Plus（2026-08-21取得）	是正候補
C（その他＝表現・年代・帰属）	1995	第51束	分部 順治	略歴	「東京美術学校で塑造を学び」＝東文研の略歴では彫刻科で木彫を学ぶ	本便では裏取りしていない（上位10件の枠外）	—	未着手
C（その他＝表現・年代・帰属）	1994	第48束	利根山 光人	略歴	「茨城県に生まれた」＝東文研は東京都世田谷区生まれ・資料間で食い違う	本便では裏取りしていない（上位10件の枠外）	—	未着手
C（その他＝表現・年代・帰属）	1978	第47束	東郷 青児	略歴	「二十代の七年間をフランスで過ごした」＝公式略歴では24歳から7年間	本便では裏取りしていない（上位10件の枠外）	—	未着手
C（その他＝表現・年代・帰属）	1972	第47束	徳岡 神泉	略歴	《狂女》は1919年の作品で「戦後は日展を舞台に」と時系列が合わない	本便では裏取りしていない（上位10件の枠外）	—	未着手
C（その他＝表現・年代・帰属）	1972	第50束	内田 祥三	功績	「東京大学総長」＝在任当時の正式な役職名は東京帝国大学総長	本便では裏取りしていない（上位10件の枠外）	—	未着手
C（その他＝表現・年代・帰属）	1964	第47束	寺内 萬治郎	略歴	《横たわる裸婦》＝公的資料では《横臥裸婦》	本便では裏取りしていない（上位10件の枠外）	—	未着手
C（その他＝表現・年代・帰属）	1963	第48束	富本 憲吉	略歴	「模様から模様を造らず」＝文化遺産データベースでは「模様より模様を作らず」（逐語引用）	本便では裏取りしていない（上位10件の枠外）	—	未着手
C（その他＝表現・年代・帰属）	1927	第47束	戸張 孤雁	略歴	「新版画」＝一般に創作版画の系統とされ、美術史上の「新版画」とは別	本便では裏取りしていない（上位10件の枠外）	—	未着手
C（その他＝表現・年代・帰属）	1924	第48束	富岡 鉄斎	略歴	「独学」＝小田海僊・浮田一蕙らに学んだとの記載がある	本便では裏取りしていない（上位10件の枠外）	—	未着手
C（その他＝表現・年代・帰属）	1919	第47束	寺崎 広業	略歴	《渓山幽邃》＝小室翠雲の作品として公的資料に載るとの指摘	本便では裏取りしていない（上位10件の枠外）	—	未着手
C（その他＝表現・年代・帰属）	1916	第52束	渡辺 沙鴎	略歴	「日本書道会などで展覧会を主宰した」＝確認できるのは発足への尽力・幹事	本便では裏取りしていない（上位10件の枠外）	—	未着手
C（その他＝表現・年代・帰属）	1904	第50束	上野 彦馬	略歴	「写真の入門書を著した」＝『舎密局必携』は化学実験の手引書で写真術は付録	本便では裏取りしていない（上位10件の枠外）	—	未着手
C（その他＝表現・年代・帰属）	1904	第50束	上野 彦馬	略歴	「坂本龍馬をはじめとする」＝坂本龍馬の肖像は井上俊三の撮影とする資料がある	本便では裏取りしていない（上位10件の枠外）	—	未着手
C（その他＝表現・年代・帰属）	1875	第50束	内田 九一	略歴	「上野彦馬らに学び」＝前田玄造らに学んだとする資料がある	本便では裏取りしていない（上位10件の枠外）	—	未着手