一宮市三岸節子記念美術館	(英名の記載を検出できず)
上浦歴史民俗資料館(村上三島記念館)	(英名の記載を検出できず)
並河靖之七宝記念館	(英名の記載を検出できず)
中原悌二郎記念旭川市彫刻美術館	(英名の記載を検出できず)
中村正義の美術館	(英名の記載を検出できず)
丸亀市猪熊弦一郎現代美術館	Marugame Genichiro-Inokuma Museum | Detail Facilities Museum | Detail Museum | Detail Marugame Genichiro-Inokuma Museum | Contemporary Art Marugame Genichiro-Inokuma Museum | Page Top Marugame Genichiro-Inokuma Museum
久米美術館	(英名の記載を検出できず)
井の頭自然文化園(西望彫刻園)	August findet im Museum | Klinikpraxis und Museum | Nachricht Ueno-Zoo Der Zoo von Ueno suchte Museum | Zoo und Museum | Zoo Hinweis auf Renovierungsarbeiten im ersten Stock des Museum | Kasai Rinkai Aquarium Das Kasai Rinkai Aquarium sucht Museum
井原市立田中美術館	Denchu Art Museum
京都府立堂本印象美術館	English Kyoto Prefectural Insho Domoto Museum | Create a Museum | The Domoto Insho Museum of Art | Fine Arts The Domoto Insho Museum of Art
佐久市立天来記念館	(英名の記載を検出できず)
北海道立三岸好太郎美術館	(英名の記載を検出できず)
原爆の図丸木美術館	Maruki Gallery | About the Gallery | Support Us Reserve Tickets Home About the Gallery | Iri and Toshi Maruki Reference Visit Visit FAQ Rental Panels Gallery | The Maruki Gallery | Ban on Atomic and Hydrogen Bombs at the Suginami Historical Museum
司馬遼太郎記念館	About Museum
圓鍔記念館	(英名の記載を検出できず)
大垣市守屋多々志美術館	(英名の記載を検出できず)
大田区立龍子記念館	(英名の記載を検出できず)
奥田元宋・小由女美術館	(英名の記載を検出できず)
富岡市立美術博物館・福沢一郎記念美術館	(英名の記載を検出できず)
小山敬三美術館	(英名の記載を検出できず)
小平市平櫛田中彫刻美術館	(英名の記載を検出できず)
小杉放菴記念日光美術館	Kosugi Hoan Museum of Art | Allrights Reserved by Kosugi Hoan Museum of Art
小松市立宮本三郎美術館	(英名の記載を検出できず)
山口県立萩美術館・浦上記念館	(英名の記載を検出できず)
山口蓬春記念館	Yamaguchi Hoshun Memorial Museum
山種美術館	Yamatane Museum of Art | Anniversary of the Yamatane Museum of Art | The Yamatane Museum of Art | Closed Days User Guide Yamatane Museum of Art | View Details Home Back to Top Yamatane Museum of Art | Cafe Yamatane Museum of Art
川崎市岡本太郎美術館	(英名の記載を検出できず)
平山郁夫シルクロード美術館	About Hirayama Ikuo Journey Along the Silk Road About the Museum | Message History of the Museum | Events Collection Ikuo Hirayama Works Silk Road Collection Museum | Guide Floor Map Museum | Shop Museum | About the Museum
平山郁夫美術館	About the Museum | Hirayama Ikuo Museum of Art | Stop Exhibition Hirayama Ikuo Museum of Art
文京区立森鷗外記念館	Bunkyo city Mori Ogai Memorial Museum
新潟市會津八一記念館	Niigata City Aizu Yaichi Memorial Museum | English Niigata City Aizu Yaichi Memorial Museum | Curator What is the Niigata City Aizu Yaichi Memorial Museum | Contribution to Education Calligraphy Usage guidance Access Museum
東松山市(高田博厚彫刻群)	(英名の記載を検出できず)
松伯美術館	Shohaku Museum of Art
植田正治写真美術館	(英名の記載を検出できず)
横山大観記念館	YokoyamaTaikan Memorial Hall | Yokoyama Taikan Memorial Hall | News Archives Museum | Fukui Fine Arts Museum | Ryushi Memorial Hall | Taito City website Kabukiza Theatre Nikaido Museum of Art
浜松市秋野不矩美術館	(英名の記載を検出できず)
玉堂美術館	(英名の記載を検出できず)
田中一村記念美術館(奄美)	(英名の記載を検出できず)
田淵行男記念館	(英名の記載を検出できず)
白沙村荘橋本関雪記念館	(英名の記載を検出できず)
相田みつを美術館(2024年閉館)	Mitsuo Aida Museum
真鶴町立中川一政美術館	(英名の記載を検出できず)
碌山美術館	English About Rokuzan art museum Welcome to the Rokuzan Art Museum
神戸市立小磯記念美術館	(英名の記載を検出できず)
福知山市佐藤太清記念美術館	(英名の記載を検出できず)
稲沢市荻須記念美術館	(英名の記載を検出できず)
笠岡市立竹喬美術館	(英名の記載を検出できず)
米沢市上杉博物館(伝国の杜)	Yonezawa City Uesugi Museum
置戸町（秋岡コレクション）	(英名の記載を検出できず)
能美市九谷焼美術館（旧・浅蔵五十吉美術館）	(英名の記載を検出できず)
荒川豊蔵資料館	(英名の記載を検出できず)
菊池寛実記念智美術館	Kikuchi Kanjitsu Memorial Tomo Museum | Information story TOP English Kikuchi Kanjitsu Memorial Tomo Museum | Click here Frequently Asked Questions What can I see at Tomo Museum | Tomo Museum | Information Story Our Story Kikuchi Kanjitsu Memorial Tomo Museum | Tomo or Tomo Museum
萬鉄五郎記念美術館	(英名の記載を検出できず)
藤田喬平ガラス美術館(宮城)	Seasonal Gallery
西宮市大谷記念美術館	ACCESS This website provides information on Otani Memorial Art Museum | Otani Memorial Art Museum
豊島区立熊谷守一美術館	Kumagai Morikazu Museum of Art
辰野金吾記念館（旧唐津銀行・佐賀県唐津市）	(英名の記載を検出できず)
静岡市立芹沢銈介美術館	Shizuoka City Serizawa Keisuke Art Museum
韮崎大村美術館	Nirasaki Omura Art Museum
香月泰男美術館	(英名の記載を検出できず)
黒田記念館	(英名の記載を検出できず)
慶應義塾大学湘南藤沢キャンパス（槇文彦アーカイブ）	Network Global Engagement Keio by the Numbers Campuses Museum | Fukuzawa Yukichi Memorial Keio History Museum | Events for Prospective Students Request Materials Video Gallery | Paralympics and Keio University Video Gallery | School Songs Keio Museum | Commons Fukuzawa Yukichi Memorial Keio History Museum
拓真館	(英名の記載を検出できず)
出光美術館	Idemitsu Museum | Notice of the Museum | Idemitsu Museum of Art | The Idemitsu Museum of Art | Jesus Christ. The unique feature of the Museum | The Path of the Idemitsu Museum of Art
足立美術館	(英名の記載を検出できず)
耕三寺博物館	Copyright Kosanji Temple Museum | Contents - Kosanji Temple Kosanji Museum | Kosanji Museum | Kongo Gallery | Summer Exhibition of the Museum | Kousanji Museum
イサム・ノグチ庭園美術館(香川)	The Isamu Noguchi Garden Museum | Please inform us if you include a link to this Museum
東京大学経済学図書館（辰野金吾関係資料・寄託）	(英名の記載を検出できず)